timestamp,z_score,corr_DOGE_BTC_4h,vol_DOGE_4h,spread
2024-01-02T00:47:00.000,-2.723497901605626,0.4990068399792919,0.0005876415190678464,-13.08550453720367
2024-01-02T00:48:00.000,-2.8777033112345185,0.49609126210997945,0.0005912570109826601,-13.086518031597297
2024-01-03T16:09:00.000,-3.151633536343841,0.4276135678381372,0.005924662191384409,-13.172377067044962
2024-01-09T17:30:00.000,2.0286398613024645,0.41637438686466155,0.0025084628224334785,-13.251662661890386
2024-01-09T17:31:00.000,3.5032348826862867,0.3159077348490712,0.0027882261340682686,-13.230818800384464
2024-01-09T17:32:00.000,2.2606822323788154,0.2921465004439902,0.003013367147017502,-13.248265008240857
2024-01-09T21:14:00.000,-2.14982624597608,0.24736080956543313,0.0035159552461453813,-13.310888824376862
2024-01-10T01:34:00.000,2.3515226995809333,0.49860634384537766,0.0027806362918784805,-13.252254012533022
2024-01-10T01:35:00.000,2.4139670463095655,0.4988276255092637,0.00278108536603725,-13.251357499639894
2024-01-10T01:36:00.000,2.2816406869539017,0.49750759829219515,0.0027780875887609257,-13.253048312440342
2024-01-10T01:37:00.000,2.3207040123988043,0.49744400670286437,0.0027781404902654694,-13.252468128513415
2024-01-10T01:38:00.000,2.332211850230193,0.49752868678240003,0.00277801897314104,-13.25225025522553
2024-01-10T01:39:00.000,2.3346767252684018,0.4923572576125626,0.00276853293582806,-13.25215267551031
2024-01-10T01:40:00.000,2.3442720124054977,0.4938073155226605,0.0027690903104769225,-13.251960452947447
2024-01-10T01:41:00.000,2.258191250207782,0.49060806312034744,0.0027636588828253445,-13.253050669616092
2024-01-10T01:42:00.000,2.1846428686200507,0.4979364482702062,0.0027637182206695283,-13.253979906562392
2024-01-10T01:45:00.000,2.0682223242455717,0.4918772832843428,0.002737711385050431,-13.25538952892142
2024-01-10T01:46:00.000,2.016607602192715,0.4826738270941607,0.0027221422699217433,-13.256035808117447
2024-01-14T07:36:00.000,2.1944955969493267,0.44794052385347627,0.0007899606278186298,-13.17369349581067
2024-01-14T07:37:00.000,2.7770784597343416,0.4131148747613499,0.0007917434067314804,-13.171370905453983
2024-01-14T07:38:00.000,2.837292408017698,0.4124774403299721,0.0007915238621108375,-13.171095544573516
2024-01-14T07:39:00.000,2.8195536420956993,0.41050917074753634,0.0007898536087678442,-13.171129548320756
2024-01-14T07:40:00.000,2.697733043619313,0.4137546973623006,0.000791246543763333,-13.171578881342157
2024-01-14T07:41:00.000,2.6533268060990083,0.4180690468141363,0.0007910393653874423,-13.17172452746943
2024-01-14T07:42:00.000,2.7351251791690188,0.4149142265250042,0.0007898486784762545,-13.171367102059168
2024-01-14T07:43:00.000,3.177777821449377,0.4166777751785334,0.0008004147582527853,-13.1695583756352
2024-01-14T07:44:00.000,3.06034900270721,0.41668959887406753,0.0008010954986709947,-13.169981965971271
2024-01-14T07:45:00.000,3.4142599796211526,0.4106351959639395,0.0008045970854321774,-13.168505918731931
2024-01-14T07:46:00.000,4.052819703811315,0.40019187914740356,0.0008195977283379342,-13.1658451753884
2024-01-14T07:47:00.000,4.5029739765517816,0.3917995744521696,0.0008252572487651831,-13.163893550979088
2024-01-14T07:48:00.000,4.189184206692658,0.38918910688955355,0.0008286471933904164,-13.165056239286969
2024-01-14T07:49:00.000,4.131424630963586,0.38895437000001337,0.0008286073908228782,-13.16518558698063
2024-01-14T07:50:00.000,3.508916241937949,0.3703739179312675,0.000840073624333788,-13.167673407640109
2024-01-14T07:51:00.000,3.6022065361702977,0.36985945230425743,0.0008402106284709481,-13.167215225077964
2024-01-14T07:52:00.000,4.257279853624708,0.36244121469828866,0.0008595366731600109,-13.164385641844046
2024-01-14T07:53:00.000,4.368460460335943,0.36407934924757995,0.0008609094132388477,-13.163792279642188
2024-01-14T07:54:00.000,4.639118583408823,0.36366244989238206,0.0008650034822716185,-13.162503289031973
2024-01-14T07:55:00.000,5.166020597156355,0.35783488738242764,0.000877885399500746,-13.1600675221555
2024-01-14T07:56:00.000,4.734403165733026,0.3518539621980249,0.0008838320403099932,-13.161737413067154
2024-01-14T07:57:00.000,4.224988252287874,0.3305421906006532,0.0008874426807102181,-13.163799905618827
2024-01-14T07:58:00.000,4.3032718781601,0.33022000042778565,0.000887283637936245,-13.163334389170853
2024-01-14T07:59:00.000,4.165519387675193,0.3290136616831764,0.0008872807950792783,-13.163814821180774
2024-01-14T08:00:00.000,3.7724362177646658,0.319066268125954,0.0008908745833274744,-13.165440996436828
2024-01-14T08:01:00.000,3.993766505179343,0.32210068355411625,0.0008936299973865756,-13.164367416611732
2024-01-14T08:02:00.000,3.901316671421618,0.3177272687944003,0.0008910296217350812,-13.164675254345987
2024-01-14T08:03:00.000,3.5719816638702193,0.3178172904067406,0.0008958989316056473,-13.166053949103363
2024-01-14T08:04:00.000,3.377158746292102,0.31647342444297244,0.0008967806372978542,-13.166852631281
2024-01-14T08:05:00.000,3.4166530858125084,0.3164872379299963,0.0008968149348230071,-13.166606096969327
2024-01-14T08:06:00.000,4.763797729081169,0.25363057066605715,0.0009672305983407647,-13.160399331373322
2024-01-14T08:07:00.000,4.773389050044715,0.24713678205782286,0.0009642590653336466,-13.160174033883337
2024-01-14T08:08:00.000,4.161059111888937,0.2375713540324217,0.0009778624005314987,-13.162832192743995
2024-01-14T08:09:00.000,4.471220015999307,0.23356130585523469,0.0009813637362119914,-13.161262285168444
2024-01-14T08:10:00.000,4.670108503646974,0.23427095160210645,0.0009833924942925796,-13.160174079994858
2024-01-14T08:11:00.000,4.45434224770809,0.23335534882905853,0.0009852382150981748,-13.16102052398076
2024-01-14T08:12:00.000,4.479529610956701,0.2288782315251719,0.000983403527951685,-13.160746608537785
2024-01-14T08:13:00.000,4.6755574044577815,0.22321570477469913,0.0009837440425171193,-13.159648685389143
2024-01-14T08:14:00.000,4.933811238776257,0.22373097005054407,0.000988126386248211,-13.15821902454291
2024-01-14T08:15:00.000,4.693367314215183,0.22150308645133734,0.0009891330112402855,-13.159182938079097
2024-01-14T08:16:00.000,5.004731009425755,0.20866807356859443,0.0009900993934550267,-13.157467342200333
2024-01-14T08:17:00.000,5.245810257322537,0.2100836429577982,0.0009944730612916198,-13.156045755358278
2024-01-14T08:18:00.000,4.623823644052695,0.2206451716378466,0.0010170367796685142,-13.158903855841015
2024-01-14T08:19:00.000,4.67925908010543,0.22080277153863198,0.0010170705492014017,-13.158442254175768
2024-01-14T08:20:00.000,4.812651489032949,0.20975200006935932,0.0010146708997177485,-13.157579303466417
2024-01-14T08:21:00.000,4.5024583025858185,0.20030544840706704,0.0010160723389127586,-13.158960491560933
2024-01-14T08:22:00.000,4.340753830120558,0.19706779376538958,0.0010158487431616142,-13.159620984266564
2024-01-14T08:23:00.000,4.095941683477385,0.19386661209277614,0.0010177196542553756,-13.160727757121968
2024-01-14T08:24:00.000,3.896340494982995,0.1981446917102074,0.0010204847019306515,-13.16162785409114
2024-01-14T08:25:00.000,4.126290661024785,0.19290303917430143,0.0010218746807905054,-13.160318370851277
2024-01-14T08:26:00.000,3.8436682572691754,0.20079689344303717,0.001028634410320447,-13.161658643704719
2024-01-14T08:27:00.000,3.603597065870234,0.20163546439223584,0.0010320809964856948,-13.162804746366318
2024-01-14T08:28:00.000,3.383191099720023,0.20197532936311394,0.001033849745321967,-13.163868898286639
2024-01-14T08:29:00.000,3.1713047454661183,0.2110874482982496,0.0010380473326641042,-13.164905881025152
2024-01-14T08:30:00.000,2.5187983252704065,0.20027394177758254,0.0010576883507714167,-13.168273078708406
2024-01-14T08:31:00.000,2.096883107328649,0.1780276772874865,0.0010598979688507982,-13.170454605385745
2024-01-14T08:32:00.000,2.1158653991270397,0.178149834500934,0.0010599573545480895,-13.170334153694428
2024-01-14T08:33:00.000,2.118439257649204,0.18034837721796604,0.0010603074150729308,-13.170297976459738
2024-01-14T08:34:00.000,2.253538337127299,0.17991055072682702,0.0010611950317328284,-13.16956455177713
2024-01-14T08:35:00.000,2.2630896511120318,0.18049049868757758,0.0010611949385474083,-13.169488105268817
2024-01-14T08:36:00.000,2.473934246006263,0.1756125307718289,0.0010615445398648022,-13.168348723757225
2024-01-14T08:37:00.000,2.671243054693029,0.16910013914076324,0.0010619724253375668,-13.167272656579247
2024-01-14T08:38:00.000,2.413653819480769,0.16715707907666266,0.0010651849902666244,-13.16859913277311
2024-01-14T08:39:00.000,2.4393556875318616,0.16684444498811388,0.0010650482927625734,-13.168434336401969
2024-01-14T08:40:00.000,2.441090576565669,0.1670532953481483,0.0010647544026247716,-13.16839700369551
2024-01-14T08:41:00.000,2.3664872557143464,0.15780359204815625,0.0010575326824451608,-13.168763404468429
2024-01-14T08:42:00.000,2.436615266316951,0.15798119637063748,0.0010579167712419318,-13.168362391688467
2024-01-14T08:43:00.000,2.6370134781915664,0.1533328696199003,0.0010580973876116856,-13.167264086855427
2024-01-14T08:44:00.000,2.707800759252389,0.1533559703726306,0.0010574633036830425,-13.166848194130058
2024-01-14T08:45:00.000,2.5008663145268626,0.15975304319769706,0.0010621504565823936,-13.167914316703754
2024-01-14T08:46:00.000,2.6925994351457385,0.17123150309965404,0.0010678707561551312,-13.166855357616107
2024-01-14T08:47:00.000,2.5687314187414363,0.16979092901573786,0.0010678556391507659,-13.167480537546819
2024-01-14T08:48:00.000,2.638938727104215,0.1706504415519168,0.0010677277245298034,-13.167068541543546
2024-01-14T08:49:00.000,2.528990484251586,0.168374897453081,0.0010675073297649296,-13.167623415746984
2024-01-14T08:50:00.000,2.9650310196268825,0.15449939592292486,0.0010732093733778379,-13.165241077947277
2024-01-14T08:51:00.000,3.1838671462211834,0.15950382350307218,0.0010777456063148496,-13.164006865819035
2024-01-14T08:52:00.000,3.2413974043841027,0.16034745843534648,0.0010763661261547813,-13.163633038979462
2024-01-14T08:53:00.000,3.334636123878875,0.1597681225754722,0.0010766116043295542,-13.163063164312154
2024-01-14T08:54:00.000,3.0040253203729113,0.15811514562379514,0.001082419384657017,-13.164799834967786
2024-01-14T08:55:00.000,2.921361302775616,0.1557419936498468,0.0010818234673744692,-13.165203991147745
2024-01-14T08:56:00.000,3.076029602000524,0.15479962031236544,0.0010828529547243033,-13.164314748494753
2024-01-14T08:57:00.000,3.0268371234144325,0.15483781071721822,0.0010829525738377565,-13.164528407535066
2024-01-14T08:58:00.000,3.0573381990681203,0.15564632651464763,0.0010827845715947742,-13.164304318796336
2024-01-14T08:59:00.000,3.2210665018246587,0.15505330700406447,0.0010841978644148648,-13.163340436228122
2024-01-14T09:00:00.000,3.000239556675154,0.15677855445713113,0.0010866579741738676,-13.164490723634135
2024-01-14T09:01:00.000,3.071199104928832,0.15687854474012877,0.0010866758523775748,-13.164037940569514
2024-01-14T09:02:00.000,3.423437085064012,0.14943365195088804,0.0010915402781274722,-13.162012720481586
2024-01-14T09:03:00.000,3.5734969433150416,0.14923658585750688,0.0010922646335034393,-13.161090752932473
2024-01-14T09:04:00.000,3.208986344291487,0.14611589285470233,0.0010992983368433883,-13.16304671245118
2024-01-14T09:05:00.000,3.2951055600848074,0.14569848123524012,0.001099387504333017,-13.162497449389686
2024-01-14T09:06:00.000,3.218600267499257,0.14486141647953762,0.001099006895623016,-13.162860975597871
2024-01-14T09:07:00.000,3.4318124423024985,0.1351139816526195,0.001098907558270625,-13.161592471971545
2024-01-14T09:08:00.000,3.6248093690576084,0.13507402610971614,0.0011008194411083589,-13.160420498769515
2024-01-14T09:09:00.000,3.4158047486337617,0.13185596758303095,0.0011021040994734106,-13.16151916366027
2024-01-14T09:10:00.000,3.526851497218881,0.12933088005565435,0.0011015929796735658,-13.160809440926773
2024-01-14T09:11:00.000,3.7090851738974013,0.12737726816256567,0.0011029966699268063,-13.159682917672933
2024-01-14T09:12:00.000,3.851941129003289,0.12453050328085977,0.0011030324163185075,-13.158764483748259
2024-01-14T09:13:00.000,3.920203288276795,0.12479226502695832,0.0011029515665925394,-13.158258938111649
2024-01-14T09:14:00.000,3.9788150105111844,0.12361017492974852,0.0011025323117366248,-13.157800930789744
2024-01-14T09:15:00.000,3.9106247476463047,0.12530550087697354,0.0011027683483281826,-13.158077224396363
2024-01-14T09:16:00.000,3.5954362582021586,0.1290439537527874,0.0011108395373398766,-13.159805518833979
2024-01-14T09:17:00.000,4.060889888987168,0.12567615694205628,0.0011241581239292738,-13.15698458964404
2024-01-14T09:18:00.000,3.965737426856964,0.12569579440651113,0.001124155235313307,-13.157418387530322
2024-01-14T09:19:00.000,3.1646193300122816,0.12108976778742417,0.0011641112413047826,-13.162031488665496
2024-01-14T09:20:00.000,3.1741727103340875,0.12169027830126711,0.001163430382026813,-13.161910575483903
2024-01-14T09:21:00.000,3.1099536398421597,0.12139010213033513,0.001163611947348485,-13.16222545484301
2024-01-14T09:22:00.000,2.948199521305386,0.1183115984983295,0.0011640980062614,-13.16312360745347
2024-01-14T09:23:00.000,3.1115401174652573,0.11727948588402358,0.0011653558689124531,-13.162098426817554
2024-01-14T09:24:00.000,3.139250151742857,0.11676116779780203,0.0011652242261282685,-13.16186810402894
2024-01-14T09:25:00.000,2.9767125565913872,0.1259228809784021,0.0011698543766004762,-13.162773014355244
2024-01-14T09:26:00.000,2.9957065072728772,0.12213713497965643,0.0011690554548046685,-13.162602111482268
2024-01-14T09:27:00.000,2.7678436992052777,0.1112935608588369,0.001169096198170324,-13.163909418554137
2024-01-14T09:28:00.000,2.6552492703036235,0.11350589689551023,0.0011706094150912914,-13.164537584554441
2024-01-14T09:29:00.000,2.5845470872098586,0.11395803809592603,0.0011705977038839754,-13.16491957535338
2024-01-14T09:30:00.000,2.5942904849246617,0.1169837168187876,0.001171212939711878,-13.164821610964996
2024-01-14T09:31:00.000,2.503573396895656,0.11465756389376838,0.0011709802642444432,-13.165328276743967
2024-01-14T09:32:00.000,2.5031961916175502,0.11419482127588447,0.001170448532215411,-13.165294042057832
2024-01-14T09:33:00.000,2.437133069815196,0.11375612197956923,0.0011704518055284676,-13.165657411192457
2024-01-14T09:34:00.000,2.520440679653416,0.11398119344917287,0.001170426601829979,-13.165121272476197
2024-01-14T09:35:00.000,2.704012037892637,0.10870339157581878,0.0011698549719753853,-13.163974326539273
2024-01-14T09:36:00.000,2.891317374806762,0.10836119425810264,0.0011713408705705496,-13.16279645570917
2024-01-14T09:37:00.000,3.016106793092108,0.11108096840935842,0.001171688478911812,-13.161986655208064
2024-01-14T09:38:00.000,2.9120589103228234,0.10876003638009939,0.0011719393229992394,-13.162564775992571
2024-01-14T09:39:00.000,2.8768561327296513,0.11172612608485738,0.0011724407551609924,-13.1627300405903
2024-01-14T09:40:00.000,3.790819597793142,0.14911237202280395,0.001241418542216853,-13.157081841133726
2024-01-14T09:41:00.000,3.8597550297245373,0.14864848205120942,0.0012407696149292382,-13.156548519673208
2024-01-14T09:42:00.000,3.5184782182801615,0.1471101112315845,0.0012476556641696757,-13.158546849054794
2024-01-14T09:43:00.000,3.4039151005806687,0.14586417090934678,0.0012478155477932745,-13.159168846569472
2024-01-14T09:44:00.000,3.2392802019265203,0.14492074454763793,0.001249110160297679,-13.160110748089147
2024-01-14T09:45:00.000,3.2895395936297964,0.14471192317370296,0.00124899873529292,-13.159730711802876
2024-01-14T09:46:00.000,3.1452982819762285,0.1432147907052589,0.0012491163547235216,-13.160560688474169
2024-01-14T09:47:00.000,3.363421496280118,0.14172972919912685,0.0012514910050204799,-13.159138432009716
2024-01-14T09:48:00.000,3.4405818551612657,0.1412622719076309,0.0012515943751707967,-13.15857794986896
2024-01-14T09:49:00.000,3.4438326632815452,0.1416393300463791,0.001251592295142122,-13.158471742134882
2024-01-14T09:50:00.000,3.2084594273463454,0.1435578332605411,0.0012556496943400175,-13.15986905466284
2024-01-14T09:51:00.000,3.260087091035122,0.15505832226390726,0.0012590170530014857,-13.15947121684724
2024-01-14T09:52:00.000,3.0819525827678915,0.15394780774287325,0.0012608495070736774,-13.160524045202747
2024-01-14T09:53:00.000,2.95947763366731,0.1512642095783883,0.001261044039188465,-13.161236051301323
2024-01-14T09:54:00.000,2.9051574403121787,0.15223895027571377,0.0012611059104230774,-13.161525926607377
2024-01-14T09:55:00.000,3.085984875977322,0.15979428012320965,0.0012659410969665878,-13.160322298855355
2024-01-14T09:56:00.000,2.7909389111256018,0.15101027790361293,0.001268563831419499,-13.162137075101732
2024-01-14T09:57:00.000,2.6740707298362367,0.1497937205230658,0.0012689236964289914,-13.162833646837182
2024-01-14T09:58:00.000,2.654055207056171,0.15267747029183323,0.0012695734244219325,-13.162918173169619
2024-01-14T09:59:00.000,2.6991056546998924,0.15361942488280397,0.0012697620712609813,-13.162588254984254
2024-01-14T10:00:00.000,2.9158811783468344,0.1508242488307131,0.0012713546434827343,-13.161156648790042
2024-01-14T10:01:00.000,3.0090177066121684,0.1500161557983836,0.0012714488330031952,-13.160501817874689
2024-01-14T10:02:00.000,3.274896085694308,0.14616090459344028,0.0012748733108884803,-13.158724133550379
2024-01-14T10:03:00.000,3.3092660362837845,0.14494323219556202,0.0012744758473254875,-13.158420545740798
2024-01-14T10:04:00.000,3.255491606505063,0.14599492443838177,0.0012750452183887177,-13.15868623776902
2024-01-14T10:05:00.000,3.4095322631632965,0.14316336787790301,0.0012753648761631446,-13.157605439956058
2024-01-14T10:06:00.000,3.4816234360812657,0.143406623703163,0.0012752442608443414,-13.157044391569691
2024-01-14T10:07:00.000,3.380997489375566,0.1465307675050757,0.0012767476405616857,-13.15760297663342
2024-01-14T10:08:00.000,3.1335252273301912,0.153649845374584,0.0012825189774862493,-13.159134215349395
2024-01-14T10:09:00.000,2.958703371517281,0.14947851085324115,0.0012821391157519157,-13.16020536525304
2024-01-14T10:10:00.000,2.8452772743310817,0.14353856274996338,0.0012810066944868033,-13.160886426842497
2024-01-14T10:11:00.000,2.8890162460901285,0.14285012330266167,0.0012808889563422242,-13.160539855084952
2024-01-14T10:12:00.000,2.781432236716293,0.14227519496036892,0.0012814155056559706,-13.161190048450486
2024-01-14T10:13:00.000,2.844240097165476,0.14261031254833823,0.0012818111602572414,-13.160718633693767
2024-01-14T10:14:00.000,2.8294782092353645,0.144100211027187,0.0012817399269582056,-13.160758511655208
2024-01-14T10:15:00.000,3.051490824687442,0.142608985695779,0.0012849475715587151,-13.159223867563918
2024-01-14T10:16:00.000,3.080884600398298,0.14299704021987095,0.0012849412866226242,-13.158956428050915
2024-01-14T10:17:00.000,3.3760925681995015,0.1347157430810268,0.001287860959166123,-13.156904051543131
2024-01-14T10:18:00.000,3.6661744212976153,0.1342966155946281,0.001293591358888394,-13.154854201057486
2024-01-14T10:19:00.000,3.303615384415886,0.12653009080430727,0.0013002449601559971,-13.157188838409727
2024-01-14T10:20:00.000,3.4755207302659326,0.12676897507419735,0.0013025205592446995,-13.155935705216692
2024-01-14T10:21:00.000,3.6199734001751334,0.13626393383560864,0.001306516123728955,-13.154849521456667
2024-01-14T10:22:00.000,3.531279845664226,0.1362166495877554,0.001307057810172683,-13.15534290818733
2024-01-14T10:23:00.000,3.5505219161343216,0.13636141984833053,0.0013064870647458752,-13.155102581341666
2024-01-14T10:24:00.000,3.604248812412033,0.1362692517601926,0.001306595401639769,-13.154622333410108
2024-01-14T10:25:00.000,3.9132198546950043,0.13524673296669407,0.001313928187870334,-13.152368779562579
2024-01-14T10:26:00.000,3.92807703479366,0.13415554564136883,0.001313398637362286,-13.152116591333698
2024-01-14T10:27:00.000,4.018839316319661,0.13422124951818115,0.0013141674512656505,-13.15132897599413
2024-01-14T10:28:00.000,4.4551542795420636,0.1262677849822647,0.001326942567873247,-13.1480906648384
2024-01-14T10:29:00.000,4.2082867384439835,0.12636363968920822,0.001331450612527697,-13.149617645758479
2024-01-14T10:30:00.000,4.493217715814333,0.11757047281040853,0.001334493513172238,-13.147390216074754
2024-01-14T10:31:00.000,4.506963701507011,0.1174882687416461,0.001334506186925584,-13.147055524531922
2024-01-14T10:32:00.000,4.555430371220761,0.11701796490722116,0.0013336548132463935,-13.146465238364486
2024-01-14T10:33:00.000,4.350438840601756,0.11854793534965817,0.0013374467035260108,-13.147711035689364
2024-01-14T10:34:00.000,4.119355447624859,0.11779781245106512,0.0013413227471574393,-13.149184479125832
2024-01-14T10:35:00.000,4.542428846797037,0.10835845811056824,0.0013536052992338206,-13.145884292974028
2024-01-14T10:36:00.000,4.241046618264648,0.10504381431505976,0.0013589858342866316,-13.147868376752927
2024-01-14T10:37:00.000,3.9724378076547606,0.10405108339924825,0.0013645085439771228,-13.149661223101624
2024-01-14T10:38:00.000,3.812969986479417,0.10478934881853096,0.0013665431823986726,-13.150680867968957
2024-01-14T10:39:00.000,3.9247694464989604,0.10531114616475853,0.0013677870523312902,-13.149688698776341
2024-01-14T10:40:00.000,3.9900071878389114,0.10722547127131947,0.001368930728395983,-13.149029630435198
2024-01-14T10:41:00.000,4.012862366472071,0.10701432837766019,0.0013689904938371975,-13.148678979148237
2024-01-14T10:42:00.000,4.005933582261711,0.11043778755998937,0.0013698143795147094,-13.148550822683555
2024-01-14T10:43:00.000,3.730705978333151,0.10210346371971322,0.0013726499579905821,-13.150474175433533
2024-01-14T10:44:00.000,3.6099284740914332,0.10017251513225173,0.0013730067635500383,-13.151250991387261
2024-01-14T10:45:00.000,3.6619403651766755,0.09209168440321656,0.0013696923886404604,-13.150713814449317
2024-01-14T10:46:00.000,4.054009211781709,0.05395533977059091,0.0013650193976259962,-13.147536336188802
2024-01-14T10:47:00.000,4.033161139276119,0.05432401159765216,0.001365112004479378,-13.14750971053709
2024-01-14T10:48:00.000,3.637569092290339,0.0588063620240052,0.0013795106206985917,-13.150413068803147
2024-01-14T10:49:00.000,3.3591501887310042,0.06343367854036873,0.0013875351489292414,-13.152450568552393
2024-01-14T10:50:00.000,3.426077462955732,0.0739908185784841,0.001373575353691988,-13.151809831199614
2024-01-14T10:51:00.000,3.2814571867373696,0.07233475237507467,0.0013748561921226154,-13.152829425326958
2024-01-14T10:52:00.000,3.20902545467519,0.07406094265580579,0.0013708324580504767,-13.153294299116128
2024-01-14T10:53:00.000,3.241641293236267,0.07603843326512762,0.001371143071467566,-13.152935026271042
2024-01-14T10:54:00.000,3.1932561700974618,0.07108766229606962,0.0013539645832164543,-13.153216151774341
2024-01-14T10:55:00.000,3.094439601873316,0.07890738157467754,0.0013496161091872496,-13.153904498206039
2024-01-14T10:56:00.000,3.10994380781199,0.08413570797498177,0.0013483187608079933,-13.153689324014813
2024-01-14T10:57:00.000,3.0707216298781796,0.08240980033806863,0.0013431276584644177,-13.153910306387463
2024-01-14T10:58:00.000,3.079934958679337,0.08254001977502258,0.0013431209045348597,-13.153743608950068
2024-01-14T10:59:00.000,3.0411067347509246,0.08337040111357331,0.0013432164180255115,-13.153961841837805
2024-01-14T11:00:00.000,3.063100422813673,0.08720348228842016,0.001341854553640195,-13.153694371779974
2024-01-14T11:01:00.000,3.204072801533083,0.09244113768306937,0.001340259243633472,-13.152460669291209
2024-01-14T11:02:00.000,3.337187234064951,0.0878067445419831,0.0013399320425585741,-13.151275577396618
2024-01-14T11:03:00.000,3.193526193040325,0.09619531747502912,0.0013446471841763816,-13.15232966718229
2024-01-14T11:04:00.000,2.959748300643155,0.10257005186175919,0.0013440392534134033,-13.154134456105071
2024-01-14T11:05:00.000,3.076870236281553,0.10062753178510843,0.0013442780607317364,-13.153087578085081
2024-01-14T11:06:00.000,3.0346741926421195,0.09774369030901196,0.001343328057044168,-13.153338014013105
2024-01-14T11:07:00.000,3.0184367331986492,0.09978692245082264,0.00134350470166323,-13.153377956735309
2024-01-14T11:08:00.000,3.0744357665920052,0.10179623784184566,0.0013419913659203611,-13.15282330751915
2024-01-14T11:09:00.000,3.0467982522236743,0.10064579716762723,0.0013399868158405917,-13.152958940323602
2024-01-14T11:10:00.000,3.0580319129742026,0.1014700379036597,0.0013389688793521673,-13.152772472816777
2024-01-14T11:11:00.000,2.970798805372586,0.10110578612871512,0.0013396821267459193,-13.153404129631593
2024-01-14T11:12:00.000,2.8482468359326503,0.09968048787834131,0.0013408511947086835,-13.154343736157381
2024-01-14T11:13:00.000,2.724276180340438,0.09786566092289946,0.001340811022517633,-13.15530484018808
2024-01-14T11:14:00.000,2.512946830018605,0.09873432145955599,0.0013462917167051005,-13.15700667133774
2024-01-14T11:15:00.000,2.652587540604951,0.09943645792944464,0.0013487266970295534,-13.155782733686397
2024-01-14T11:16:00.000,2.640877151787574,0.10076017853237652,0.0013489874899564626,-13.155818702931239
2024-01-14T11:17:00.000,2.471175838017372,0.0885963550390755,0.0013473676434183324,-13.157181598488712
2024-01-14T11:18:00.000,2.349473703246366,0.08752794050841486,0.0013486607262954255,-13.158151467466295
2024-01-14T11:19:00.000,2.382118301309925,0.08839281408675993,0.0013487770468643624,-13.157828780386073
2024-01-14T11:20:00.000,2.773819265976399,0.11048474584374343,0.0013731635225207514,-13.154470906575245
2024-01-14T11:21:00.000,2.520391405331373,0.12112289638821419,0.001384510151582965,-13.15654280104992
2024-01-14T11:22:00.000,2.402443929254885,0.11808278347355945,0.0013846688700461466,-13.157485448033809
2024-01-14T11:23:00.000,2.418166425641113,0.11792520238940024,0.0013709994765169582,-13.157300962260555
2024-01-14T11:24:00.000,2.3244290651029367,0.1127016672453045,0.0013696029097274628,-13.158045184370982
2024-01-14T11:25:00.000,2.390024336954505,0.11829997547128894,0.0013664142647442207,-13.1574413704568
2024-01-14T11:26:00.000,2.6122954148944526,0.11993929537520592,0.0013704948946511443,-13.155496714097708
2024-01-14T11:27:00.000,2.6730967626631617,0.1224025362222283,0.0013716863591533104,-13.154913420320355
2024-01-14T11:28:00.000,2.681284060225087,0.1235204790589824,0.0013717403306026889,-13.154776403494292
2024-01-14T11:29:00.000,2.950693514816329,0.1253534248233861,0.001380640008066272,-13.152395619052145
2024-01-14T11:30:00.000,2.728596171594707,0.11946908164616872,0.0013829177639496258,-13.154220124167866
2024-01-14T11:31:00.000,2.776835395836193,0.11944638280213116,0.001383213380380338,-13.153733489284008
2024-01-14T11:32:00.000,2.7243292717129175,0.12530001315913772,0.0013852259411645871,-13.15411145921445
2024-01-14T11:33:00.000,2.661209089072986,0.11452435710520913,0.0013578583518360557,-13.154586018290455
2024-01-14T11:34:00.000,2.607168166004105,0.11500246841480084,0.0013580048077830062,-13.15498606897657
2024-01-14T11:35:00.000,2.622038004600261,0.11535292041619918,0.0013581198619640874,-13.15479176071539
2024-01-14T11:36:00.000,2.559813582323702,0.13072165442962239,0.0013608303962884666,-13.155266231262782
2024-01-14T11:37:00.000,2.576940814006321,0.14157118191067736,0.0013577931646174184,-13.1550529163008
2024-01-14T11:38:00.000,2.6044508951783287,0.14507284879965257,0.0013589055328725472,-13.154747414747007
2024-01-14T11:39:00.000,2.637942661104457,0.14478674741012756,0.0013589014526497428,-13.154387307320128
2024-01-14T11:40:00.000,2.541608742676421,0.1445358495163635,0.0013595471488095719,-13.155162533439322
2024-01-14T11:41:00.000,2.423735090292742,0.15015290277680757,0.001363469351415246,-13.156133470709397
2024-01-14T11:42:00.000,2.3716198327478253,0.14650792372806254,0.0013628331397624106,-13.156535278556529
2024-01-14T11:43:00.000,2.2937243743455373,0.1451750943929699,0.0013580959616685622,-13.157167056389463
2024-01-14T11:44:00.000,2.3516957234427993,0.14376001377182862,0.0013574405032145429,-13.156604578104536
2024-01-14T11:45:00.000,2.3235345830422185,0.1458614445721836,0.0013547169929850754,-13.156798700623954
2024-01-14T11:46:00.000,2.432217751161762,0.14434069932722796,0.0013445488751911247,-13.15578389497265
2024-01-14T11:47:00.000,2.44105230006886,0.14470956635517174,0.0013385760184649361,-13.155646299765127
2024-01-14T11:48:00.000,2.456953482135458,0.14602671358513789,0.001336794007547884,-13.15544501076188
2024-01-14T11:49:00.000,2.4177059305103845,0.14552421697789458,0.0013368348914993364,-13.15573321748521
2024-01-14T11:50:00.000,2.443815395923229,0.15502759800245042,0.0013301676622720234,-13.155441758766436
2024-01-14T11:51:00.000,2.491555374940809,0.16212838518583622,0.0013326203917801178,-13.15495470528537
2024-01-14T11:52:00.000,2.5382807361425974,0.16145995057518528,0.0013198117835993477,-13.154472254425691
2024-01-14T11:53:00.000,2.5913848807388233,0.15835214791127794,0.0013184704828290844,-13.153928627609428
2024-01-14T11:54:00.000,2.5819335255465012,0.1570619915864253,0.0013152887574908575,-13.153943092236268
2024-01-14T11:55:00.000,2.7128363361761583,0.15533093276237098,0.0013073845657222587,-13.152692084018323
2024-01-14T11:56:00.000,2.7050602260910024,0.15780725052368866,0.001303235401582981,-13.152682984192474
2024-01-14T11:57:00.000,2.6875729338123526,0.16937751734624631,0.0013009083357806946,-13.152762152101175
2024-01-14T11:58:00.000,2.5805980357180505,0.1699288167140116,0.0013024767314924889,-13.153655591258948
2024-01-14T11:59:00.000,2.558269131062622,0.17101888966613626,0.001302519182465471,-13.153788033643377
2024-01-14T12:00:00.000,2.4866413272120833,0.17560097578399678,0.0013004502584253895,-13.154371934960409
2024-01-14T12:01:00.000,2.50998506575136,0.17511450950497118,0.0012985166124984523,-13.154094136649704
2024-01-14T12:02:00.000,2.5817013702222362,0.175034478828113,0.0012990542461643808,-13.153371185734677
2024-01-14T12:03:00.000,2.563491739098679,0.17362813081979495,0.0012949478544615008,-13.153466997410511
2024-01-14T12:04:00.000,2.4946722873357405,0.1760933055483088,0.0012952925678738141,-13.154029464462376
2024-01-14T12:05:00.000,2.406232240992339,0.17555148895277894,0.0012961794031716319,-13.154777920255928
2024-01-14T12:06:00.000,2.2677224382103347,0.2107745633047029,0.0012472785248480625,-13.155994361078823
2024-01-14T12:07:00.000,2.352365022370519,0.20905562084692614,0.0012471547462386226,-13.155160760073734
2024-01-14T12:08:00.000,2.1813220386350194,0.2096125531573979,0.001238461928920556,-13.156684782089275
2024-01-14T12:09:00.000,2.0630504349443646,0.2094954460951673,0.0012361127384736277,-13.157730754930242
2024-01-14T12:10:00.000,2.1499042914812825,0.21717378204868804,0.001238293704425778,-13.15688320539633
2024-01-14T12:11:00.000,2.056196506703744,0.21735170884287394,0.0012382940864904886,-13.15770553136894
2024-01-14T12:12:00.000,2.1846904268433853,0.2190761118172337,0.0012416161627648906,-13.156469232924675
2024-01-14T12:13:00.000,2.342267079513453,0.22335167368375186,0.0012455153820454584,-13.154952909408117
2024-01-14T12:14:00.000,2.309583354933477,0.22201060243609844,0.0012413957938776977,-13.155199882299078
2024-01-14T12:15:00.000,2.280017900865067,0.23665428215770082,0.0012449266054319938,-13.155420208504058
2024-01-14T12:16:00.000,2.2691215343080717,0.24377992162507803,0.0012428616470238146,-13.155467823648312
2024-01-14T12:17:00.000,2.3478993154688483,0.2515939449390282,0.001243533333152639,-13.154675223330083
2024-01-14T12:18:00.000,2.3139975921429454,0.24573164835754965,0.0012257589336783095,-13.154935166095944
2024-01-14T12:19:00.000,2.3599771243577514,0.24809672702109037,0.0012262982370632963,-13.154445818439822
2024-01-14T12:20:00.000,2.2704366813117467,0.25309126960490236,0.0012282830823254587,-13.155230694544507
2024-01-14T12:21:00.000,2.243029587147026,0.2585958130556608,0.001227470275957764,-13.15543537460032
2024-01-14T12:22:00.000,2.270173504956549,0.26572917801679047,0.0012298618382334202,-13.1551259318382
2024-01-14T12:23:00.000,2.2158578447739368,0.267431367181107,0.0012287361584538226,-13.15558622717891
2024-01-14T12:24:00.000,2.1721105802286464,0.26603254971146617,0.001226690594302663,-13.15595000249781
2024-01-14T12:25:00.000,2.175773779138993,0.27346582832406735,0.0012267199824212746,-13.155866437570136
2024-01-14T12:26:00.000,2.1132611989670878,0.2702244615260295,0.001222302589049774,-13.156411659198774
2024-01-14T12:27:00.000,2.221298319619786,0.27794609904027817,0.001225294771125408,-13.155337092080726
2024-01-14T12:28:00.000,2.158137646779297,0.276212987388634,0.0012227273572332894,-13.155887641196873
2024-01-14T12:29:00.000,2.0933015446594974,0.27054309497466467,0.001218570367122674,-13.156458497454212
2024-01-14T12:30:00.000,2.0442372637607114,0.27935560938597925,0.001200982057165383,-13.156882402290723
2024-01-16T09:02:00.000,2.156930543967204,0.2449108997003255,0.0008710467097446125,-13.165057526534563
2024-01-20T06:59:00.000,2.1291067394586776,0.41611137976414886,0.0005401083858075727,-13.171850174694022
2024-01-20T07:00:00.000,2.1130068036830827,0.4275606082585562,0.0005388279444802679,-13.171899461167872
2024-01-20T07:01:00.000,2.424481525801021,0.42715967078744843,0.0005470636145183857,-13.170514739956305
2024-01-20T07:02:00.000,2.6468622759636395,0.4219270843320438,0.0005498788871703481,-13.169508310645002
2024-01-20T07:03:00.000,2.4569843329065497,0.418925647255467,0.0005522108743777776,-13.170307848585205
2024-01-20T07:04:00.000,2.162828066962033,0.4139995530282009,0.0005567647179603269,-13.171574200012396
2024-01-20T07:05:00.000,2.1006354180700253,0.41234033346886106,0.00055641165956327,-13.171826007988383
2024-01-20T07:07:00.000,2.0822415683882305,0.3948652303836809,0.0005640949439227395,-13.171870001643759
2024-01-20T07:40:00.000,2.132754139317734,0.3126944784354241,0.0006397913196672753,-13.17124839191867
2024-01-20T08:00:00.000,2.3849304816774937,0.2784860142130777,0.0006700529122988888,-13.169806305393148
2024-01-20T08:01:00.000,2.4715665458508744,0.27597510893246463,0.0006697270444734199,-13.169377111011407
2024-01-20T08:02:00.000,2.431345421536581,0.2752038906079331,0.0006692805090458977,-13.169535257977378
2024-01-20T08:05:00.000,2.0001555553196826,0.27628605745719026,0.0006869648110908443,-13.171485073172347
2024-01-20T12:21:00.000,2.2953720000863727,0.49980717511786377,0.0005261608542095488,-13.167592483139607
2024-01-20T12:22:00.000,2.290815864935672,0.4902204533562386,0.0005121471407436867,-13.167585482378536
2024-01-20T12:23:00.000,2.165224236193025,0.48675867044168414,0.0005134049882889836,-13.168234400327767
2024-01-20T12:24:00.000,2.22683958414691,0.4868072752090137,0.0005131245131868095,-13.167872386036994
2024-01-20T12:25:00.000,2.1504897682692325,0.48419575636960394,0.0005131098393915914,-13.168257575237504
2024-01-20T12:26:00.000,2.1775341524371274,0.4838363939352863,0.00051301531828742,-13.168083285812044
2024-01-20T12:27:00.000,2.1927438613337786,0.4896160947238826,0.0004954868026452369,-13.167972525954033
2024-01-20T12:28:00.000,2.1821129021709873,0.4900711044913206,0.000495018331561414,-13.168001780056887
2024-01-20T12:29:00.000,2.1621099039872593,0.487517335657138,0.000490314610420298,-13.168082804971611
2024-01-20T12:30:00.000,2.1930272163757825,0.4859550620037257,0.0004890347658160052,-13.167885881379132
2024-01-20T12:31:00.000,2.205205299875038,0.48248515449810886,0.0004878559596097247,-13.16778998721485
2024-01-20T12:32:00.000,2.2049582306995714,0.4815855037198899,0.00048025269922929986,-13.167761952869967
2024-01-20T12:33:00.000,2.125759972971467,0.4805100460028144,0.0004809906429630479,-13.168168778454037
2024-01-20T12:34:00.000,2.0457292747888256,0.47793476355438547,0.0004807399119662942,-13.168583130424269
2024-01-20T12:35:00.000,2.0479201473481843,0.47984538415363437,0.0004813667241796407,-13.16854654773956
2024-01-20T12:37:00.000,2.0084304710848206,0.4925422013045139,0.00048113149941618347,-13.16871775561147
2024-01-20T12:38:00.000,2.0497314289005915,0.4861000894511744,0.00047937724369208123,-13.16846564417688
2024-01-20T12:39:00.000,2.0091303938239475,0.48558403056596816,0.0004792053693710509,-13.16866670003214
2024-01-20T18:01:00.000,2.8006395733601193,0.4946089752792101,0.0007209534062155116,-13.158750501904942
2024-01-20T18:02:00.000,2.547678706188772,0.48555974519112705,0.0007276676293509843,-13.160403509628576
2024-01-20T18:03:00.000,2.4322103992154687,0.48583497309367063,0.0007295734819933426,-13.16114211074057
2024-01-20T18:04:00.000,2.3038841527582616,0.48667081176415966,0.0007324268205755883,-13.161973154567637
2024-01-20T18:05:00.000,2.3909912010473127,0.484233195332795,0.0007327284849992389,-13.161353362069281
2024-01-20T18:06:00.000,2.280263520836187,0.4859426162365259,0.000722901982589088,-13.162069376953504
2024-01-20T18:07:00.000,2.0718318630217274,0.4819592615480173,0.0007287039919649724,-13.163447804888248
2024-01-20T19:28:00.000,2.1746035283767613,0.432418312238665,0.0007293502066239225,-13.161947557828071
2024-01-20T19:29:00.000,2.5875542554836315,0.42674358573866905,0.0007518898143982391,-13.159217190370878
2024-01-20T19:30:00.000,2.2685507241537652,0.415522913508406,0.0007619926366418996,-13.161261646737772
2024-01-20T19:31:00.000,2.5490748414609525,0.418552533952486,0.0007720613070226965,-13.15938952499308
2024-01-20T19:32:00.000,2.916754025625402,0.3838543250632374,0.0007796641835343368,-13.156927722515094
2024-01-20T19:33:00.000,2.967515102013187,0.3813367541118164,0.0007788995607628712,-13.15653199933103
2024-01-20T19:34:00.000,2.8190222751936562,0.374897736211031,0.0007796243896783028,-13.157450716613074
2024-01-20T19:35:00.000,2.893514042599496,0.37984245495728053,0.0007819805425750131,-13.156902992323285
2024-01-20T19:36:00.000,2.865344055070238,0.3811122507915339,0.0007824602133201077,-13.15703309907045
2024-01-20T19:37:00.000,2.794344586801438,0.3767322944723849,0.0007817081011524422,-13.157450855786895
2024-01-20T19:38:00.000,3.4747802475637806,0.3529641522857229,0.0008346599068304397,-13.15286353207049
2024-01-20T19:39:00.000,3.3066710644710864,0.35395223904305606,0.0008381772093648346,-13.153897341043212
2024-01-20T19:40:00.000,3.8424764632369417,0.3281626679435109,0.0008657803083408069,-13.150212489367156
2024-01-20T19:41:00.000,3.5415172256599803,0.31440024398278194,0.000870836350807796,-13.152119817288346
2024-01-20T19:42:00.000,3.5734533503218096,0.3140151168173902,0.0008706920144018967,-13.151802599070994
2024-01-20T19:43:00.000,4.192372667989017,0.30102726301654614,0.0009124180005115328,-13.147483763784551
2024-01-20T19:44:00.000,4.021959651732759,0.3018293396174441,0.000914539133783342,-13.148485613382825
2024-01-20T19:45:00.000,4.187382632580161,0.2980985557292257,0.0009154651408814084,-13.14719676002139
2024-01-20T19:46:00.000,4.2410955880431285,0.2949348974008313,0.0009146434479421522,-13.14665666074243
2024-01-20T19:47:00.000,3.8117670020313192,0.2908737231662827,0.0009330127514440078,-13.149465257019553
2024-01-20T19:48:00.000,4.714560816665838,0.28339321124911654,0.0010245032495975548,-13.143018856163211
2024-01-20T19:49:00.000,4.934878781800661,0.2763179211792988,0.001028653879508609,-13.141208316756712
2024-01-20T19:50:00.000,5.251446042281244,0.28345750096441585,0.0010414177598619466,-13.138650860347122
2024-01-20T19:51:00.000,5.083542826820621,0.2764663999671454,0.0010407604252689335,-13.139502731427482
2024-01-20T19:52:00.000,5.271156920548853,0.27661449382603875,0.0010456804351461075,-13.137803374585971
2024-01-20T19:53:00.000,4.9557024159781164,0.27132616748158955,0.00105338269637424,-13.139749353315237
2024-01-20T19:54:00.000,4.698124607733226,0.27295003046401795,0.0010600671238652245,-13.141340272536452
2024-01-20T19:55:00.000,4.961549383744039,0.2662632996074648,0.0010670152610262034,-13.139114463703597
2024-01-20T19:56:00.000,5.134558820872904,0.25981545094541125,0.0010677240351914222,-13.137499616495738
2024-01-20T19:57:00.000,5.56125852211655,0.26209200824317497,0.001093078002328419,-13.13390189819222
2024-01-20T19:58:00.000,5.574298550575075,0.26237286215261485,0.0010932332281734388,-13.133344514900221
2024-01-20T19:59:00.000,5.426050405781289,0.2620081941074539,0.0010942017405516813,-13.134031611530727
2024-01-20T20:00:00.000,5.060571970923182,0.26355094824714004,0.001107827646476082,-13.136456559289574
2024-01-20T20:01:00.000,4.875590236282193,0.25982812959219526,0.0011097070360937176,-13.137553758610991
2024-01-20T20:02:00.000,5.797831217870115,0.23784752969620404,0.0012109989979682126,-13.12990019516215
2024-01-20T20:03:00.000,5.79301456158985,0.24022407238465157,0.001211195160566777,-13.129393985551872
2024-01-20T20:04:00.000,5.949208184262312,0.24030201892159597,0.0012161890619584014,-13.12756368701959
2024-01-20T20:05:00.000,5.700853731272739,0.2347208918548718,0.0012185927574253222,-13.129014322535426
2024-01-20T20:06:00.000,5.998799604061193,0.24534668263156406,0.001235895493583271,-13.12598273795242
2024-01-20T20:07:00.000,5.882743211260308,0.22874243400880384,0.0012311494815386375,-13.126337642510617
2024-01-20T20:08:00.000,6.176775705788424,0.21855941625916084,0.0012426089454674774,-13.123219124528067
2024-01-20T20:09:00.000,6.206772502958369,0.21650016818504897,0.0012427358058646725,-13.122258980306473
2024-01-20T20:10:00.000,6.451170859262812,0.21846442521498805,0.0012556723354104318,-13.119380106655662
2024-01-20T20:11:00.000,7.735195262510459,0.20616139047550608,0.0014881834430304555,-13.106937986493971
2024-01-20T20:12:00.000,7.307299830025198,0.19685346117253616,0.001496765086299762,-13.109468036940415
2024-01-20T20:13:00.000,7.654692525919788,0.2030134917461103,0.001524200207811347,-13.104948981456936
2024-01-20T20:14:00.000,7.3706152366384865,0.2026870868172094,0.001527574167761119,-13.106246467789504
2024-01-20T20:15:00.000,7.028771826164105,0.18827892584848815,0.00153090368186694,-13.108272363312576
2024-01-20T20:16:00.000,6.9249433060575045,0.18829048150998107,0.0015308349646182373,-13.10814244932118
2024-01-20T20:17:00.000,6.707448930471744,0.18739493952146402,0.0015328936893909194,-13.109206467864551
2024-01-20T20:18:00.000,5.937468527071692,0.16336373455600103,0.0015939205765384639,-13.115969363288048
2024-01-20T20:19:00.000,6.381581448875419,0.15160769143404373,0.001624010376558467,-13.110707221456328
2024-01-20T20:20:00.000,5.915303551005559,0.1501604306287593,0.00164627864295815,-13.114623907965875
2024-01-20T20:21:00.000,5.9629695537933385,0.15114356270693222,0.0016471743678311054,-13.113379057314562
2024-01-20T20:22:00.000,6.229636779869345,0.1475507881467286,0.0016607715688835088,-13.109774112758176
2024-01-20T20:23:00.000,6.071300158656353,0.14545447723711766,0.0016612221771616226,-13.110574017873923
2024-01-20T20:24:00.000,5.6671192382078965,0.12451123134962147,0.0016738986280903235,-13.114113099098994
2024-01-20T20:25:00.000,5.583574812727167,0.12458323451564063,0.0016741805231140178,-13.114333121494784
2024-01-20T20:26:00.000,5.8465470023251065,0.10506485820826751,0.0016832657896646557,-13.110753610287032
2024-01-20T20:27:00.000,5.634264962175496,0.11123023362585535,0.0016889857608623428,-13.112346599160858
2024-01-20T20:28:00.000,5.148731307842393,0.11014230101586524,0.0017195733394943969,-13.117104221756291
2024-01-20T20:29:00.000,5.083675553703863,0.11036017195914512,0.0017196861551497338,-13.117292349222112
2024-01-20T20:30:00.000,5.015601568499989,0.10760860086548195,0.001719052239508766,-13.117536143892512
2024-01-20T20:31:00.000,4.809139722747503,0.11117050846128658,0.0017252364802913106,-13.119391354464017
2024-01-20T20:32:00.000,4.366168836187849,0.09725915577464045,0.0017500915442006204,-13.124042638924049
2024-01-20T20:33:00.000,4.488778299023839,0.09406091609118303,0.0017522668047025563,-13.12226988148392
2024-01-20T20:34:00.000,4.57442523351742,0.09290873373240432,0.0017534267385703067,-13.1208917984544
2024-01-20T20:35:00.000,4.563612558050912,0.09333291534442435,0.0017533272788709561,-13.120617596041239
2024-01-20T20:36:00.000,4.327241531343762,0.09263487057292057,0.0017610408065476164,-13.123012806767193
2024-01-20T20:37:00.000,4.388541689418769,0.09031611367293856,0.0017611765742290523,-13.121934251925985
2024-01-20T20:38:00.000,4.385126144539343,0.09030280535009974,0.0017610612047769998,-13.121606625622674
2024-01-20T20:39:00.000,4.175606916076428,0.08092195433110581,0.0017651712365688735,-13.123756745386206
2024-01-20T20:40:00.000,4.104981513890786,0.07844054600854435,0.001764888632446575,-13.124285721870585
2024-01-20T20:41:00.000,4.684711255016023,0.05582122823575829,0.001819119308321878,-13.11691717784344
2024-01-20T20:42:00.000,4.152617017273629,0.04364305057222872,0.0018611300665798095,-13.122988316867941
2024-01-20T20:43:00.000,4.218849340769997,0.03794700875552628,0.0018611213059035363,-13.121849664047472
2024-01-20T20:44:00.000,4.294729209023028,0.04248493488939319,0.0018634423900288583,-13.120569869420729
2024-01-20T20:45:00.000,4.373604931572202,0.04293696299023593,0.001864973552553829,-13.119227127279162
2024-01-20T20:46:00.000,4.496149137110401,0.04807946615517341,0.0018694891862866174,-13.117306097684441
2024-01-20T20:47:00.000,4.511892666253028,0.04819909670235433,0.0018693506947766246,-13.116690445802432
2024-01-20T20:48:00.000,4.650978936629979,0.04443993134231855,0.0018727020298427164,-13.114496130707854
2024-01-20T20:49:00.000,4.603846388130466,0.04418105014900641,0.0018727717081475034,-13.11463925111592
2024-01-20T20:50:00.000,4.798053471195442,0.04392304999492425,0.0018808864051875292,-13.111675232110297
2024-01-20T20:51:00.000,4.768311915159692,0.04684899753273913,0.0018810680207936835,-13.111550717738435
2024-01-20T20:52:00.000,4.804900065164142,0.04523234885596423,0.00188138673945005,-13.11055951583743
2024-01-20T20:53:00.000,4.890937523143198,0.04134806297099542,0.0018821813678710343,-13.108892840634585
2024-01-20T20:54:00.000,4.760840986088035,0.04342793569841633,0.0018848635005804066,-13.110066781429673
2024-01-20T20:55:00.000,4.845321154038516,0.037772692658809066,0.0018855361789893495,-13.108404175719842
2024-01-20T20:56:00.000,4.8578809651348935,0.03735728119414456,0.0018856326978654524,-13.107675498186962
2024-01-20T20:57:00.000,4.814209376242429,0.03755075575950747,0.0018852175446579936,-13.107703805015056
2024-01-20T20:58:00.000,4.610432731978758,0.03798004311572272,0.0018921716307044804,-13.109948526251323
2024-01-20T20:59:00.000,4.705937992939488,0.0392574432091695,0.0018952420125067234,-13.108126981922881
2024-01-20T21:00:00.000,4.702356035018633,0.03910482706300028,0.0018952951293973548,-13.107649162681755
2024-01-20T21:01:00.000,4.6450910027372805,0.04122423741377203,0.001896043804922179,-13.107920500266557
2024-01-20T21:02:00.000,4.5961621058130335,0.03661630463683301,0.0018941205882545488,-13.108092950226348
2024-01-20T21:03:00.000,4.325380969391857,0.020503435832612604,0.0019038416462853608,-13.111437221310776
2024-01-20T21:04:00.000,4.295530629320379,0.020845752959060108,0.0019038391375542133,-13.111432267484425
2024-01-20T21:05:00.000,4.146683963167134,0.014424678609043498,0.0019060756350129675,-13.113149116383955
2024-01-20T21:06:00.000,4.348950583219807,0.014034447893418574,0.001916350172169132,-13.109836679899644
2024-01-20T21:07:00.000,4.495997478080494,0.03525954340829835,0.001927081647767003,-13.107248783634853
2024-01-20T21:08:00.000,4.416692285247659,0.03451149292717169,0.0019276504359763012,-13.10791900206814
2024-01-20T21:09:00.000,4.230702880969107,0.024651750452819535,0.0019269523323140842,-13.110191893866105
2024-01-20T21:10:00.000,4.40831268423788,0.014620740674885847,0.0019328608902987989,-13.107135256954708
2024-01-20T21:11:00.000,4.710568336910244,0.021814449741024533,0.0019451143333023956,-13.102134379801427
2024-01-20T21:12:00.000,4.681628191460416,0.024522026991170648,0.001945541642418211,-13.101993517205742
2024-01-20T21:13:00.000,4.650798964001958,0.024886906422442068,0.0019452386851425718,-13.101890740062556
2024-01-20T21:14:00.000,4.616359068691567,0.02572518617849344,0.0019448046848894746,-13.101852385473148
2024-01-20T21:15:00.000,4.446529982870311,0.024918142310855786,0.0019490363812863798,-13.103914491916946
2024-01-20T21:16:00.000,4.270324537341948,0.0280850923297187,0.001956417190871882,-13.106141951680181
2024-01-20T21:17:00.000,4.255320851096931,0.029044006251970178,0.0019565001786754584,-13.105925280171228
2024-01-20T21:18:00.000,4.2216857723284225,0.029610227752928434,0.001956760467673998,-13.106002951650431
2024-01-20T21:19:00.000,4.106616140204126,0.030424680453643316,0.0019597674198094713,-13.10737258342064
2024-01-20T21:20:00.000,4.038825316367767,0.029142251863559027,0.001960323249044658,-13.108034638801472
2024-01-20T21:21:00.000,3.92017464126009,0.022055665590057342,0.0019604818132618303,-13.109525872172464
2024-01-20T21:22:00.000,3.8203764427684486,0.028622469702023215,0.0019643563089434806,-13.110753527808678
2024-01-20T21:23:00.000,3.9687298426002733,0.028658657831067594,0.0019703215019391154,-13.108034269016436
2024-01-20T21:24:00.000,4.017823296161701,0.026784557856645057,0.0019705280210579787,-13.106862244849335
2024-01-20T21:25:00.000,4.133070260378363,0.024289359877366943,0.0019741226621991024,-13.104597996740052
2024-01-20T21:26:00.000,4.1522961666433895,0.023511140786298013,0.0019741458629028616,-13.103853566755072
2024-01-20T21:27:00.000,4.059826859300826,0.022216751861017084,0.0019751649016963033,-13.10493021151993
2024-01-20T21:28:00.000,3.8674669982117096,0.01645141018153378,0.0019830378680905435,-13.107685904395904
2024-01-20T21:29:00.000,3.8411322341232603,0.017539571911209657,0.0019829019209168623,-13.10775824152163
2024-01-20T21:30:00.000,3.7325172297567057,0.018502635709267638,0.001979865898407983,-13.10920507397814
2024-01-20T21:31:00.000,3.6789165219557614,0.016926931397902616,0.0019792739686441464,-13.109766657066084
2024-01-20T21:32:00.000,3.5945488517134665,0.010963792751499505,0.0019748641583395123,-13.110858068404669
2024-01-20T21:33:00.000,3.585314901029779,0.011360831491115405,0.001974941778157159,-13.110711308670476
2024-01-20T21:34:00.000,3.446742958280885,0.01304014608658117,0.001979861374990077,-13.112747949602621
2024-01-20T21:35:00.000,3.3431218225266575,0.014070434028907706,0.001982961465329585,-13.114230035396087
2024-01-20T21:36:00.000,3.360057775873526,0.016143472916949966,0.001983036213893114,-13.113691408123504
2024-01-20T21:37:00.000,3.286295551461745,0.016137073334377788,0.0019842704696171995,-13.114693617091994
2024-01-20T21:38:00.000,3.4431172755228014,0.01302195691841414,0.001990998005735095,-13.111770106931678
2024-01-20T21:39:00.000,3.2820420890248476,0.013420174306525642,0.001998834625162505,-13.114259882359768
2024-01-20T21:40:00.000,3.3107252901127255,0.013659205538236682,0.0019990594272823454,-13.113523806489717
2024-01-20T21:41:00.000,3.2344501958827236,0.014056304599955695,0.0019997559201507063,-13.11459186569052
2024-01-20T21:42:00.000,3.2670071440757993,0.01062896033385263,0.001998457193130962,-13.11379184628204
2024-01-20T21:43:00.000,3.22975295877902,0.009987303847508039,0.001997897051392044,-13.114196229622037
2024-01-20T21:44:00.000,3.1362800719787707,0.005157434594065536,0.001998064291003795,-13.115589536086146
2024-01-20T21:45:00.000,3.2050540580701736,0.001237526923722043,0.0019973170695385457,-13.114165135242553
2024-01-20T21:46:00.000,3.206132284638796,0.000038006608444585895,0.0019962273948513545,-13.11391105070293
2024-01-20T21:47:00.000,3.2973056890667602,0.007413999150444969,0.0019962077650192357,-13.112068588037157
2024-01-20T21:48:00.000,3.2616167091191377,0.005985511065967583,0.0019960918927163966,-13.112444348452915
2024-01-20T21:49:00.000,3.240913142430799,0.005328776307087051,0.0019956000514281843,-13.112562515545893
2024-01-20T21:50:00.000,3.103626941183757,0.02366203162902076,0.002006216315026257,-13.114759960227257
2024-01-20T21:51:00.000,3.0780019272343657,0.02550817492734731,0.0020058946085587358,-13.114997518133112
2024-01-20T21:52:00.000,3.0289200081527046,0.027582785542675133,0.002006918892760524,-13.115660185955988
2024-01-20T21:53:00.000,2.9347647591125994,0.02922722104490392,0.002010048772355108,-13.117142580541815
2024-01-20T21:54:00.000,2.895488968644268,0.027786662200677086,0.0020102430135962063,-13.117658175395496
2024-01-20T21:55:00.000,2.9471900298901317,0.023129088374618665,0.002010167261544081,-13.116540242268417
2024-01-20T21:56:00.000,3.0285958467085807,0.022309759302080106,0.0020098314788158135,-13.114871633347951
2024-01-20T21:57:00.000,3.03841318889471,0.02403752891623299,0.002009417047292674,-13.114482391974464
2024-01-20T21:58:00.000,2.9089589794323962,0.023558758376653693,0.002014923823573583,-13.116624214764155
2024-01-20T21:59:00.000,3.010534952880134,0.02293048172903943,0.0020176163272556356,-13.114578757242723
2024-01-20T22:00:00.000,3.0181466228553,0.022897134520914384,0.0020155636680072643,-13.114229400021452
2024-01-20T22:01:00.000,2.878538930312835,0.030033532602528824,0.002017051387946335,-13.116579412352964
2024-01-20T22:02:00.000,2.9329477268063338,0.030157215008262312,0.0020146381469034894,-13.11538931731885
2024-01-20T22:03:00.000,2.8963990907805166,0.029047252970873884,0.0020139097886246295,-13.115865281154583
2024-01-20T22:04:00.000,2.860244301427831,0.027500277864369396,0.002012880641786803,-13.116341471639773
2024-01-20T22:05:00.000,2.8008799987858435,0.026602929773414833,0.002013728803895355,-13.117255741694663
2024-01-20T22:06:00.000,2.8618132949467383,0.025023692318951823,0.0020137739244634897,-13.115946067385137
2024-01-20T22:07:00.000,2.770236342064574,0.023926810553167942,0.002013944706291909,-13.11746521337916
2024-01-20T22:08:00.000,2.773362641442116,0.018423952893653454,0.002010887149119975,-13.117233970934578
2024-01-20T22:09:00.000,2.7386016030392626,0.018534905273327268,0.002011380020418426,-13.117710854857561
2024-01-20T22:10:00.000,2.774045159578775,0.01806201423413366,0.00201165069216388,-13.11687663664455
2024-01-20T22:11:00.000,2.7647512135963965,0.019318680030407515,0.00201165069216388,-13.11687663664455
2024-01-20T22:12:00.000,2.816419238795558,0.02231228262044857,0.0020134185307398894,-13.115727616256297
2024-01-20T22:13:00.000,2.7172350953798676,0.017923015793886707,0.002015807140540141,-13.117421073588945
2024-01-20T22:14:00.000,2.746310425427437,0.01738442574929046,0.0020156401443195164,-13.116702735438414
2024-01-20T22:15:00.000,2.8390089598361126,0.01953034022517934,0.002019184262066965,-13.114768524597414
2024-01-20T22:16:00.000,2.8747696871714896,0.01863186517669745,0.0020191096588864444,-13.113898349211386
2024-01-20T22:17:00.000,2.840367789247476,0.017654891592256257,0.0020189947509999147,-13.114361368189487
2024-01-20T22:18:00.000,2.8243201786191707,0.01739454266285987,0.0020191015434726746,-13.114480111881369
2024-01-20T22:19:00.000,2.8250516939724046,0.01971441243082861,0.0020194037986570393,-13.114278992877018
2024-01-20T22:20:00.000,2.8500084525560254,0.019507020947990828,0.0020195322979749226,-13.11361040420974
2024-01-20T22:21:00.000,2.95980594633672,0.008890514608644208,0.0020221859909053557,-13.111295843297047
2024-01-20T22:22:00.000,2.8323851785251604,0.03723229168206049,0.002035079010487817,-13.113552003160194
2024-01-20T22:23:00.000,2.7490828654101467,0.035235268075117274,0.0020368992688422492,-13.11497928563114
2024-01-20T22:24:00.000,2.6788681948063995,0.03252087244287858,0.002037917571219828,-13.116168909661138
2024-01-20T22:25:00.000,2.7020727158378444,0.0341586577234689,0.00203834154154204,-13.115550119835357
2024-01-20T22:26:00.000,2.675089201191072,0.035371049758585335,0.002037942579446907,-13.115907156435402
2024-01-20T22:27:00.000,2.730968717353355,0.032283873413808055,0.002036699847480587,-13.114645906456117
2024-01-20T22:28:00.000,2.8778058501810895,0.04353976081806482,0.0020477798241006957,-13.111584842646316
2024-01-20T22:29:00.000,2.8796475939091186,0.044363493129382606,0.0020475256632983274,-13.111347495648925
2024-01-20T22:30:00.000,2.817320475226761,0.03990955697391041,0.002046350339415218,-13.112377751112765
2024-01-20T22:31:00.000,2.8287335178554938,0.03852841542285547,0.002045123884325049,-13.111960587987607
2024-01-20T22:32:00.000,2.861746964754453,0.041915544540961865,0.002046276269906803,-13.11111192099901
2024-01-20T22:33:00.000,2.8060022719449336,0.04179415204340304,0.0020470604722262367,-13.112022107380712
2024-01-20T22:34:00.000,2.799418742171735,0.0410771163541398,0.0020469815822999177,-13.111962712883644
2024-01-20T22:35:00.000,2.8017496631755234,0.04129087336201218,0.0020468409810349367,-13.111725717977924
2024-01-20T22:36:00.000,2.863054210886816,0.041075685356697006,0.002048180127600335,-13.11030492683198
2024-01-20T22:37:00.000,2.8765461561438053,0.04104237773530091,0.0020482147501919463,-13.109831538516772
2024-01-20T22:38:00.000,2.9132288532800237,0.04095875130648884,0.0020486880359536688,-13.108886151469846
2024-01-20T22:39:00.000,2.9027310177185646,0.03846156458749863,0.0020484925966443948,-13.108886151469846
2024-01-20T22:40:00.000,2.8583727185120407,0.03654880779663421,0.0020486103353931193,-13.109575183653016
2024-01-20T22:41:00.000,2.950459460629475,0.038500976413251675,0.0020520232038665274,-13.107498008744212
2024-01-20T22:42:00.000,2.9704753152350016,0.037740769983942504,0.002051970056132432,-13.106867864224975
2024-01-20T22:43:00.000,3.0020562560959134,0.03827227124680305,0.0020523750591319116,-13.105995128459288
2024-01-20T22:44:00.000,2.9949594659589818,0.041584450889324255,0.0020528197662829394,-13.105907820920342
2024-01-20T22:45:00.000,2.9477099493059273,0.04286342917119951,0.002054021241050438,-13.106649075641714
2024-01-20T22:46:00.000,2.913254915868021,0.04453384829977357,0.002052457338260232,-13.107137169343178
2024-01-20T22:47:00.000,3.033960940861415,0.04394904321808775,0.0020583807834142877,-13.104420758350264
2024-01-20T22:48:00.000,3.196294940831836,0.04039604766233586,0.0020688371012964027,-13.100804304478999
2024-01-20T22:49:00.000,3.238622804622013,0.03933914947319947,0.00206914268815813,-13.0996426439432
2024-01-20T22:50:00.000,3.3630186105688176,0.03985175909522389,0.0020759310113092453,-13.0967466236413
2024-01-20T22:51:00.000,3.464467570225188,0.04125074115932832,0.00208066261461689,-13.094291267556876
2024-01-20T22:52:00.000,3.464693327230534,0.041970729052581465,0.0020807984296177177,-13.093937115045646
2024-01-20T22:53:00.000,3.627648532509509,0.038849385434587026,0.002091889008469736,-13.090125835938979
2024-01-20T22:54:00.000,3.452388199738031,0.03971206323613833,0.002105531367371971,-13.09346551402666
2024-01-20T22:55:00.000,3.6471688812157916,0.038018301857481694,0.0021223357089703554,-13.088944268517512
2024-01-20T22:56:00.000,3.6887251239434478,0.040264534179371446,0.0021238639815464064,-13.087641612977144
2024-01-20T22:57:00.000,3.761328381635053,0.0366771156839864,0.0021254526863617043,-13.085648684573359
2024-01-20T22:58:00.000,3.8147928049001067,0.03620950761299007,0.0021268619049969544,-13.084035966794954
2024-01-20T22:59:00.000,3.847036314803645,0.034938114589647996,0.0021267722427732627,-13.082861736723745
2024-01-20T23:00:00.000,3.8754396923418892,0.0339309480673498,0.0021268150427773778,-13.081754507276488
2024-01-20T23:01:00.000,3.756910323528458,0.035042055663789325,0.00213308252814616,-13.083876883125653
2024-01-20T23:02:00.000,3.9739359716570966,0.031718638003438555,0.002155891294309711,-13.07860522541668
2024-01-20T23:03:00.000,3.8696967541992326,0.026867297909684788,0.002157892841676944,-13.08039625689377
2024-01-20T23:04:00.000,3.7923397788635267,0.0234464274329544,0.0021591003346742763,-13.081629430766867
2024-01-20T23:05:00.000,3.718925713654989,0.024655985079230416,0.002161625123783507,-13.082805772182699
2024-01-20T23:06:00.000,4.075664666151635,0.008817061364232158,0.0022205108935291376,-13.074275658068586
2024-01-20T23:07:00.000,3.9661005361329082,0.007856067213292484,0.002225146348935243,-13.076183035944442
2024-01-20T23:08:00.000,3.9506982386791343,0.006579797826474813,0.0022248972863913325,-13.07598629028356
2024-01-20T23:09:00.000,3.910039237025565,0.006385675622269534,0.0022253852508538415,-13.076375909067785
2024-01-20T23:10:00.000,4.129909050806936,0.008161372981121667,0.0022515939675936455,-13.070751205119791
2024-01-20T23:11:00.000,4.013965727473652,0.007909221625953065,0.0022567863551090734,-13.072826042095546
2024-01-20T23:12:00.000,4.087628083279511,0.0020491540477168032,0.002257695581625127,-13.070518786252558
2024-01-20T23:13:00.000,4.097336987806122,0.0017230420574454834,0.0022576869582876797,-13.06967389065632
2024-01-20T23:14:00.000,4.224048478170122,0.0029238506642482254,0.0022661779116734003,-13.066045117876346
2024-01-20T23:15:00.000,4.355167893473135,-0.009654267583292108,0.0022720383292249118,-13.062228775995756
2024-01-20T23:16:00.000,4.407689697744976,-0.01141796973595266,0.002273729200275512,-13.06021472933938
2024-01-20T23:17:00.000,4.457001184767037,-0.006055618267791792,0.0022770186895956167,-13.058238014350893
2024-01-20T23:18:00.000,4.750858348018631,-0.021546224473396398,0.0023229785692933124,-13.050245566569348
2024-01-20T23:19:00.000,4.5593637618696485,-0.013540461089117795,0.0023409955178180144,-13.053982163868007
2024-01-20T23:20:00.000,4.888338700839726,-0.021233034021943237,0.002402197828340106,-13.044932159174376
2024-01-20T23:21:00.000,4.834313690165756,-0.02128131878276247,0.0024023064511293447,-13.04520329748449
2024-01-20T23:22:00.000,4.388475262568625,-0.014698026856099486,0.0025005612766858367,-13.055386635632562
2024-01-20T23:23:00.000,4.343250076938535,-0.014523122723764145,0.0025010005681254583,-13.055723052793011
2024-01-20T23:24:00.000,4.6046340868391225,0.00006091319987895663,0.0025455925871815384,-13.048263451923363
2024-01-20T23:25:00.000,4.3981999836119305,-0.006617369281623425,0.0025628183409538135,-13.052630324958454
2024-01-20T23:26:00.000,4.186061841362303,-0.010800514501546178,0.0025827090680590834,-13.057278562727198
2024-01-20T23:27:00.000,3.997362839417535,-0.0041308924890430514,0.0026010545355475627,-13.061445429789362
2024-01-20T23:28:00.000,4.0064844073371075,-0.003830278727064003,0.002600611675498999,-13.060564660435288
2024-01-20T23:29:00.000,4.0160389919696975,-0.005558632758116959,0.002595990191691,-13.059664201970289
2024-01-20T23:30:00.000,3.9898507226882236,-0.003244677331189004,0.002591978976279585,-13.059696463311925
2024-01-20T23:31:00.000,3.991189403116259,-0.0037230076869998042,0.002590023132472026,-13.059011624117005
2024-01-20T23:32:00.000,4.022425911035989,0.0027320797276375584,0.0025899085409294685,-13.057526571688477
2024-01-20T23:33:00.000,3.965588806999204,0.0017785668637472216,0.0025913249453840656,-13.058376990512244
2024-01-20T23:34:00.000,4.004092836774604,0.0033735558171521466,0.002591732639162303,-13.056691502164462
2024-01-20T23:35:00.000,4.181830661992367,0.0018544428834046025,0.002611984803875653,-13.051205527661256
2024-01-20T23:36:00.000,4.050428644398487,-0.0014749477883922002,0.002619263094839964,-13.054026278951802
2024-01-20T23:37:00.000,3.9589539861404677,0.0007466028875475324,0.0026233769219743738,-13.055831140841109
2024-01-20T23:38:00.000,3.845276702858239,-0.003696332250450103,0.00261464210440386,-13.058297646162655
2024-01-20T23:39:00.000,3.7048766232513106,-0.004268073425955159,0.0026235281546461145,-13.061563102967785
2024-01-20T23:40:00.000,3.640073424895638,-0.0003707614389680067,0.0026180540666352896,-13.062804188264547
2024-01-20T23:41:00.000,3.4297156818316528,0.001778244473854895,0.002640288485831307,-13.068125697237996
2024-01-20T23:42:00.000,3.490612244786303,0.001656541138954568,0.002642824966216839,-13.065971134971164
2024-01-20T23:43:00.000,3.4088360642507607,0.0019214530763127958,0.0026340746542791935,-13.067785194425557
2024-01-20T23:44:00.000,3.2877508571243754,0.0011623700217288071,0.0026410089065362664,-13.070740077812067
2024-01-20T23:45:00.000,3.265166066652002,0.001983999652920007,0.0026407733318044423,-13.070967498903707
2024-01-20T23:46:00.000,3.1511799642442138,0.009161338575097051,0.0026505232747763775,-13.073789806953577
2024-01-20T23:47:00.000,3.134399403181906,0.00864072370579955,0.0026428168474588215,-13.073897546698218
2024-01-20T23:48:00.000,3.1413255035003798,0.0033762445612566445,0.002611177403803709,-13.073335903326303
2024-01-20T23:49:00.000,3.2318752525280123,0.004935439204138237,0.002615510877918243,-13.070380227117539
2024-01-20T23:50:00.000,3.0488861604790523,0.023151757314098208,0.0026374504215564746,-13.0752285929097
2024-01-20T23:51:00.000,2.993745862190734,0.03845622949701075,0.0026421117587393473,-13.076470628827355
2024-01-20T23:52:00.000,2.9780945796586833,0.03746199506801347,0.002640162476691487,-13.076594087209571
2024-01-20T23:53:00.000,3.0935561627371357,0.03860092035583553,0.0026457942729602103,-13.07293215790564
2024-01-20T23:54:00.000,3.1397749519093634,0.0393401282739311,0.0026447953703898227,-13.071231847080645
2024-01-20T23:55:00.000,3.2992346968542514,0.042815346846065076,0.002660599458684666,-13.0662123293863
2024-01-20T23:56:00.000,3.1890754604455065,0.0421004342916149,0.00266659215130901,-13.069005547228077
2024-01-20T23:57:00.000,3.2688442006813903,0.04368866628668794,0.0026631133264532914,-13.06627234089334
2024-01-20T23:58:00.000,3.18775978020865,0.043207000254649165,0.0026668735804072077,-13.06823929258897
2024-01-20T23:59:00.000,3.0742278296269547,0.04352790966014521,0.002674443708360379,-13.071196961626859
2024-01-21T00:00:00.000,3.143065134728486,0.040318456067376544,0.002671285718236968,-13.068799509152287
2024-01-21T00:01:00.000,3.209079148818703,0.03593733886321057,0.002671585931138305,-13.06645620785104
2024-01-21T00:02:00.000,3.1863095900041176,0.03637723087198325,0.0026287262430970382,-13.066730741684005
2024-01-21T00:03:00.000,3.3141422439690844,0.039142726796027996,0.0026420588025985728,-13.062505219741688
2024-01-21T00:04:00.000,3.294809283615643,0.03816446041192872,0.002639957759885477,-13.062641668372526
2024-01-21T00:05:00.000,3.2286111056193367,0.03539560937555193,0.002639242178330013,-13.064198531700606
2024-01-21T00:06:00.000,3.3890384778565745,0.030409964699192365,0.0026515739877064704,-13.058921870161381
2024-01-21T00:07:00.000,3.429272655031861,0.029394001003454864,0.0026525254923135126,-13.057217432443629
2024-01-21T00:08:00.000,3.4460419639351136,0.032580376081168406,0.0026476066797142804,-13.056206555526584
2024-01-21T00:09:00.000,3.564416826695553,0.0346217794304705,0.002659633505962195,-13.052066994900517
2024-01-21T00:10:00.000,3.4650731185052415,0.03583946150252626,0.002660802637669681,-13.054571541297994
2024-01-21T00:11:00.000,3.3976168752796125,0.027468230372191663,0.0025406330981611494,-13.056140872412586
2024-01-21T00:12:00.000,3.6202265664599946,0.016160380878294318,0.0025730207878843147,-13.048731346162526
2024-01-21T00:13:00.000,3.662998716237216,0.011164198210913745,0.0025588829019542905,-13.046807272831776
2024-01-21T00:14:00.000,3.308350567607039,0.010806661089843765,0.002649514895657106,-13.057313684442198
2024-01-21T00:15:00.000,3.5107406321064083,0.008759639540472451,0.0026794300963135054,-13.050486405749005
2024-01-21T00:16:00.000,3.432000592287903,0.012322986954037583,0.002684170575019139,-13.05242716241445
2024-01-21T00:17:00.000,3.3169688518889537,0.010548280699586429,0.00269109595158317,-13.055556816429196
2024-01-21T00:18:00.000,3.258877380327867,0.02068990035659258,0.002657920891726786,-13.056931012687908
2024-01-21T00:19:00.000,3.3221201821035815,0.024611486029646686,0.002643129518073374,-13.054461598479842
2024-01-21T00:20:00.000,3.4609858594496,0.033010674772881124,0.002649230353966863,-13.049533636784522
2024-01-21T00:21:00.000,3.537546127606537,0.030226821318467167,0.0026536057969742508,-13.04653287775247
2024-01-21T00:22:00.000,3.4731823708088623,0.03143685401918989,0.002647664342181282,-13.04804270488607
2024-01-21T00:23:00.000,3.4399128299673083,0.03250623732857761,0.0026476023345514926,-13.048576486543805
2024-01-21T00:24:00.000,3.5378203321517803,0.04775107108673728,0.002650387667257394,-13.044851685242687
2024-01-21T00:25:00.000,3.5446753719936086,0.04693774818792483,0.0026500856635840713,-13.044049888952864
2024-01-21T00:26:00.000,3.467459617271396,0.05494278530961163,0.0026480602670488265,-13.04600600863957
2024-01-21T00:27:00.000,3.4208050579110636,0.05007208317206914,0.0026450497702700023,-13.04699458148624
2024-01-21T00:28:00.000,3.5133329899466936,0.05561884735321806,0.002635139667148607,-13.043396665718829
2024-01-21T00:29:00.000,3.424420637738152,0.05778290124998359,0.002641359483693447,-13.045778806547322
2024-01-21T00:30:00.000,3.2520829103550133,0.07106632913592496,0.0026691812650613995,-13.050989753837783
2024-01-21T00:31:00.000,3.2093547898388124,0.07419886837953252,0.0026676721389104017,-13.051948836040218
2024-01-21T00:32:00.000,3.227281538660139,0.08094963169143587,0.0026508542199862647,-13.050890060380924
2024-01-21T00:33:00.000,3.3678521190323214,0.08009618091053701,0.0026679021670660886,-13.045686649377137
2024-01-21T00:34:00.000,3.32096751393615,0.07927139035629754,0.0026682475542301374,-13.046749400970526
2024-01-21T00:35:00.000,3.100572004104989,0.07974915666981304,0.0027098934287616626,-13.053723063796447
2024-01-21T00:36:00.000,2.965195413938094,0.08131625977423909,0.0027202794235031656,-13.057904147814527
2024-01-21T00:37:00.000,3.0218090362136247,0.09011859209330798,0.002725654167763727,-13.055596162724099
2024-01-21T00:38:00.000,3.096158135573876,0.08823618456502447,0.0027305353933056954,-13.052654285362797
2024-01-21T00:39:00.000,2.9855132274874263,0.10117765365216283,0.0027404005410262096,-13.056026752571624
2024-01-21T00:40:00.000,2.9256401630968183,0.10032106789059052,0.0027425725170433044,-13.05769730407533
2024-01-21T00:41:00.000,2.9501573989926135,0.11179405638812241,0.0027076886236446587,-13.056481392425457
2024-01-21T00:42:00.000,2.950911296532417,0.1200532947603508,0.0026787017850188606,-13.056075945202327
2024-01-21T00:43:00.000,2.8985420344965283,0.1218160591975626,0.0026809835256528243,-13.057512441092364
2024-01-21T00:44:00.000,2.919454421174088,0.11914236607006944,0.0026798596331463814,-13.05642147390469
2024-01-21T00:45:00.000,2.93243698824166,0.12019984285781145,0.002679527522735322,-13.055596290504619
2024-01-21T00:46:00.000,2.8352611052982537,0.11320373473168223,0.002683608973883788,-13.058617756579633
2024-01-21T00:47:00.000,2.8284834697250307,0.11359477588364902,0.0026836380542537017,-13.058508072494885
2024-01-21T00:48:00.000,2.783403598815478,0.1150611299537713,0.002682786827427755,-13.05974753984842
2024-01-21T00:49:00.000,2.8346796192769514,0.11528399746110302,0.00268561790737762,-13.057607779838982
2024-01-21T00:50:00.000,2.867642463314073,0.11656131014052172,0.0026814283469487905,-13.056093273720302
2024-01-21T00:51:00.000,2.919337701105564,0.11377990737180044,0.0026835758908836022,-13.05389999688345
2024-01-21T00:52:00.000,2.843094339684334,0.11148520234703624,0.0026876053133575635,-13.056232453996602
2024-01-21T00:53:00.000,2.811080220743929,0.11436843857864806,0.002687652533189992,-13.057018926707215
2024-01-21T00:54:00.000,2.860831503246792,0.11064141653076878,0.0026878072926510292,-13.054896004252289
2024-01-21T00:55:00.000,2.8170503626571315,0.11161016918367615,0.0026880891240258337,-13.056102832233824
2024-01-21T00:56:00.000,2.744268579991046,0.11912219380240806,0.002695042583793987,-13.058367414924286
2024-01-21T00:57:00.000,2.688173831217305,0.11887496621506101,0.0026977333025034614,-13.06005860423317
2024-01-21T00:58:00.000,2.8394793274465773,0.12384385845606989,0.0027187097958922125,-13.054287719952852
2024-01-21T00:59:00.000,2.8885084689811467,0.12329876991155786,0.002719388504446554,-13.052154161706026
2024-01-21T01:00:00.000,2.842034838882198,0.12409447726365049,0.002721438381351095,-13.05346537124171
2024-01-21T01:01:00.000,2.8523198860404557,0.1232764728088871,0.002721184870213217,-13.052729371199034
2024-01-21T01:02:00.000,2.9077008271212033,0.12414523112014329,0.00272493401593689,-13.05034152046873
2024-01-21T01:03:00.000,2.8598708918734297,0.13478953622892922,0.0027201395436264706,-13.0517065842117
2024-01-21T01:04:00.000,2.825838138464001,0.1343404087933573,0.0027209242377586947,-13.052584578835017
2024-01-21T01:05:00.000,2.68557964390386,0.12770688983615625,0.002735633026673561,-13.057381023014681
2024-01-21T01:06:00.000,2.6127757207642848,0.1274130192386657,0.002733308579454717,-13.059744983388546
2024-01-21T01:07:00.000,2.547130759351818,0.11986055913652736,0.0027307250492551774,-13.061870357097526
2024-01-21T01:08:00.000,2.4691747670961735,0.12019446486265618,0.0027362783890593095,-13.06447261007927
2024-01-21T01:09:00.000,2.426216896184035,0.12161440645689486,0.002733805585546646,-13.065804068787964
2024-01-21T01:10:00.000,2.368401384856179,0.1280479159360742,0.0027325877560558107,-13.067699673137751
2024-01-21T01:11:00.000,2.4401820338531466,0.12630900182553806,0.0027196864011453724,-13.064797168838698
2024-01-21T01:12:00.000,2.36268974448721,0.12157080218483685,0.0027242718877729085,-13.067429055583322
2024-01-21T01:13:00.000,2.414213257805012,0.1215806025426261,0.002727405587117843,-13.065273026379343
2024-01-21T01:14:00.000,2.4364385677124667,0.1229990275877259,0.0027284648212263667,-13.064194984943901
2024-01-21T01:15:00.000,2.4054460040409107,0.1206786379271462,0.0027248256468532413,-13.065101425594003
2024-01-21T01:16:00.000,2.374689560814548,0.1193897919577615,0.0027208840458284663,-13.066008146726055
2024-01-21T01:17:00.000,2.391043883122784,0.11946684595812684,0.0027212618879829506,-13.065154208906044
2024-01-21T01:18:00.000,2.356541439913871,0.1240970336144818,0.0027237883843820036,-13.066208678519908
2024-01-21T01:19:00.000,2.443791676162699,0.129637376301797,0.002732324783793883,-13.062682253943628
2024-01-21T01:20:00.000,2.428651126012872,0.12983390981076695,0.0027320292817250074,-13.062996598018119
2024-01-21T01:21:00.000,2.4520861210528087,0.1341687334046892,0.002731717182274939,-13.061855008855071
2024-01-21T01:22:00.000,2.4779455354922395,0.13092940435167447,0.0027299767039753197,-13.060613023475302
2024-01-21T01:23:00.000,2.4758758317659924,0.12944435877825838,0.0027246159470177694,-13.060423169772061
2024-01-21T01:24:00.000,2.4899545943767145,0.13073757914130027,0.0027245163422165166,-13.059618301572666
2024-01-21T01:25:00.000,2.4147812237765502,0.13178665222705763,0.0027274880987410446,-13.062214439312747
2024-01-21T01:26:00.000,2.4971108459673537,0.13938165164709013,0.002737567511867226,-13.058812425360331
2024-01-21T01:27:00.000,2.461632619073588,0.13979262126060552,0.0027377017458685565,-13.059895862471036
2024-01-21T01:28:00.000,2.45360127033913,0.14464408973027915,0.0027323940228742025,-13.059936597162494
2024-01-21T01:29:00.000,2.484751304390605,0.14443083598027337,0.002733505442397646,-13.058472055696418
2024-01-21T01:30:00.000,2.525097584543283,0.14664956437184884,0.0027340653099136797,-13.056641667716239
2024-01-21T01:31:00.000,2.4886306279973094,0.14987628806671793,0.002736000007208134,-13.057764541631393
2024-01-21T01:32:00.000,2.5002415744177546,0.15296501278719804,0.0027357316392056636,-13.05703878760558
2024-01-21T01:33:00.000,2.575543989438793,0.15700710824858652,0.0027437798101776737,-13.053836931485955
2024-01-21T01:34:00.000,2.531562550822325,0.15648372808703023,0.002741710573595112,-13.055244500202992
2024-01-21T01:35:00.000,2.55826382459254,0.15569715839047135,0.002740078919928528,-13.053913436559823
2024-01-21T01:36:00.000,2.559578293021415,0.15606179369620266,0.0027399940077399124,-13.053562804353618
2024-01-21T01:37:00.000,2.553093408404875,0.15633985839119832,0.002738918619673336,-13.053516664590516
2024-01-21T01:38:00.000,2.4767039120164798,0.15199039978588058,0.0027388172584464675,-13.056213019427659
2024-01-21T01:39:00.000,2.506762799382481,0.1524405496325947,0.002734315022730471,-13.054754557285474
2024-01-21T01:40:00.000,2.476402420141556,0.15198442592360273,0.0027350238081687937,-13.055663335747438
2024-01-21T01:41:00.000,2.4551707031371377,0.14957206589627212,0.0027337345236776098,-13.056222136815428
2024-01-21T01:42:00.000,2.5057047357305047,0.14409801397999036,0.0027350865472604187,-13.053951908954412
2024-01-21T01:43:00.000,2.4464935033508657,0.14336645480644686,0.0027385896524903886,-13.056008725753749
2024-01-21T01:44:00.000,2.484492653337832,0.14298569433319477,0.0027382178310771557,-13.05422921696837
2024-01-21T01:45:00.000,2.4663634192668313,0.14470162449079027,0.0027380229348921356,-13.054667055836095
2024-01-21T01:46:00.000,2.5105547683034444,0.14347212598441508,0.002740137325569835,-13.052628207845153
2024-01-21T01:47:00.000,2.391417657401622,0.12880819946759783,0.002750902083914506,-13.057091823619018
2024-01-21T01:48:00.000,2.3133585597336648,0.13367468586131456,0.002759404096289068,-13.059951838202641
2024-01-21T01:49:00.000,2.335818431383182,0.13367436559196155,0.0027599635943262417,-13.058812374214789
2024-01-21T01:50:00.000,2.327554550977443,0.12310465034944938,0.0027522894277085467,-13.058897011986426
2024-01-21T01:51:00.000,2.4505785564379954,0.11917153998931217,0.002769717143417715,-13.05370863039048
2024-01-21T01:52:00.000,2.432289998067855,0.11873000606379013,0.0027693305946311125,-13.054167325785837
2024-01-21T01:53:00.000,2.5347455176420315,0.11937012220079485,0.002780261313151709,-13.04975933304478
2024-01-21T01:54:00.000,2.5845065989324767,0.11816979070900464,0.0027825535581026575,-13.047443560024332
2024-01-21T01:55:00.000,2.5736817409106427,0.12105478081241292,0.002783055910344464,-13.047564435748363
2024-01-21T01:56:00.000,2.5890344895669504,0.12302069451345224,0.0027825191924394786,-13.04662516014022
2024-01-21T01:57:00.000,2.574739880192278,0.12216814375232977,0.002782482533017169,-13.046886867984417
2024-01-21T01:58:00.000,2.6032628759725434,0.12160784986728285,0.00277889527936921,-13.045406256260517
2024-01-21T01:59:00.000,2.540903428672419,0.1225715751597764,0.0027816369863839572,-13.04763071128354
2024-01-21T02:00:00.000,2.578055940832902,0.12373668061410158,0.002783803416072678,-13.045800087783606
2024-01-21T02:01:00.000,2.478101024798047,0.12135886681130888,0.0027904096798424434,-13.04958610222176
2024-01-21T02:02:00.000,2.46043517151996,0.12065668945108037,0.002789956532438601,-13.050022781459536
2024-01-21T02:03:00.000,2.35545419779761,0.11728522709449263,0.00280257830325344,-13.054062708159886
2024-01-21T02:04:00.000,2.305995303574344,0.1184260257824385,0.0028056523786950294,-13.055845554933141
2024-01-21T02:05:00.000,2.2783695592860567,0.12091001913865836,0.0028063613199944435,-13.05674130314291
2024-01-21T02:06:00.000,2.2162219170418327,0.11561135592454352,0.0028089501411375267,-13.05907380395156
2024-01-21T02:07:00.000,2.199006033300008,0.11676774419739096,0.0028073638257145933,-13.059562476165299
2024-01-21T02:08:00.000,2.2785697336712203,0.11773115328808559,0.0028157349557772224,-13.05603866039703
2024-01-21T02:09:00.000,2.245778183384975,0.11766919378104075,0.0028167403570093876,-13.057161625141655
2024-01-21T02:10:00.000,2.2643009080876317,0.11695215940990965,0.0028167003123985472,-13.056157121547553
2024-01-21T02:11:00.000,2.2474372652447685,0.1172783922445858,0.0028171384067242097,-13.056622906025463
2024-01-21T02:12:00.000,2.201389565745156,0.11714200701585491,0.002819286767482129,-13.05831269073582
2024-01-21T02:13:00.000,2.2048588498257735,0.12095090629993022,0.0028176033373165576,-13.057944234217793
2024-01-21T02:14:00.000,2.204351064204259,0.12142087522964272,0.0028175718335645217,-13.057741052657857
2024-01-21T02:15:00.000,2.231733587000568,0.11946590274157083,0.0028157966539653057,-13.056367086760037
2024-01-21T02:16:00.000,2.1967342067082503,0.11966108620500883,0.0028171562138738946,-13.057606593384715
2024-01-21T02:17:00.000,2.220789563188309,0.12067881430350157,0.0028178194978088515,-13.056370429828974
2024-01-21T02:18:00.000,2.215913135021553,0.12108062471261781,0.0028178829246769312,-13.056346463000722
2024-01-21T02:19:00.000,2.168909464402656,0.12056609665035783,0.002820679300400927,-13.05810246796539
2024-01-21T02:20:00.000,2.2432610732417406,0.11834706116077087,0.002827203342248479,-13.054740290833236
2024-01-21T02:21:00.000,2.243360184414368,0.12032150206908361,0.0028245593672320537,-13.054500279284492
2024-01-21T02:22:00.000,2.1875376389690055,0.10407888397259296,0.0028193428790549606,-13.056632595244167
2024-01-21T02:23:00.000,2.1796461651818335,0.10417921260514443,0.0028173795652390726,-13.056744961107537
2024-01-21T02:24:00.000,2.199887252618694,0.10591364588540904,0.0028168394376605504,-13.055662301074255
2024-01-21T02:25:00.000,2.17618756141309,0.10224639538960592,0.0028165112194228343,-13.056445693765953
2024-01-21T02:26:00.000,2.1508841735525865,0.10031238528675301,0.0028165995315657067,-13.057304207067958
2024-01-21T02:27:00.000,2.182691135874908,0.10153609754148285,0.0028174936355782293,-13.055729471229373
2024-01-21T02:28:00.000,2.203372196038562,0.09478152265527136,0.0028101944123837146,-13.054620983965506
2024-01-21T02:29:00.000,2.1798515275639763,0.09477807144592404,0.0028109673437028367,-13.055400634713969
2024-01-21T02:30:00.000,2.212007299536047,0.09577506608812604,0.002811437230020411,-13.053797115472635
2024-01-21T02:31:00.000,2.228471234381287,0.09448346729846734,0.0028114035965704693,-13.05285797829964
2024-01-21T02:32:00.000,2.257488482043521,0.09020560666238514,0.0028110938505964463,-13.051372854490353
2024-01-21T02:33:00.000,2.325337485388434,0.0899860553357905,0.002816374586559995,-13.048202716354
2024-01-21T02:34:00.000,2.334523543075741,0.08975311822467873,0.00281639092221786,-13.04754503848461
2024-01-21T02:35:00.000,2.3511094650551447,0.08944995136109002,0.00281668450171607,-13.046563224086114
2024-01-21T02:36:00.000,2.288108707159188,0.08589636733158959,0.0028202497473411334,-13.049027031276587
2024-01-21T02:37:00.000,2.359177133092999,0.08580065739125846,0.0028272692366968716,-13.045687518402444
2024-01-21T02:38:00.000,2.3217079908785383,0.08455207408093708,0.002828532041462736,-13.047047151042722
2024-01-21T02:39:00.000,2.3448810387301493,0.08492787729409065,0.002829349105070147,-13.045775546616554
2024-01-21T02:40:00.000,2.3005667782331614,0.0831201895982843,0.0028309397130179357,-13.047442470067681
2024-01-21T02:41:00.000,2.339421065518078,0.08085711136234933,0.002829991220994087,-13.04548641046846
2024-01-21T02:42:00.000,2.346700776883676,0.08087930136075497,0.002829974862377963,-13.04489965722706
2024-01-21T02:43:00.000,2.327899566507423,0.08056609189167072,0.002830093034176577,-13.045454750219385
2024-01-21T02:44:00.000,2.2940555939346767,0.07883747200110797,0.0028313077325685817,-13.046677040498789
2024-01-21T02:45:00.000,2.2863899503788097,0.07823184401739497,0.002830488097650327,-13.046757726372487
2024-01-21T02:46:00.000,2.242753661607885,0.076428770528569,0.0028323398177431017,-13.048426711460875
2024-01-21T02:47:00.000,2.256693964041098,0.07604686999382482,0.002827951600744846,-13.047566918199337
2024-01-21T02:48:00.000,2.3003720490817354,0.07959098908893987,0.0028232103922882033,-13.045386890384508
2024-01-21T02:49:00.000,2.3095355673464666,0.07953669127518631,0.0028226891280148094,-13.04472096361184
2024-01-21T02:50:00.000,2.3086145682433563,0.07920765906249909,0.002817258515445908,-13.044498846713621
2024-01-21T02:51:00.000,2.2852224047875835,0.07778205931599694,0.0028138285626531333,-13.045275631971567
2024-01-21T02:52:00.000,2.201993728426718,0.07659723562534765,0.0028234320047843663,-13.04872295259435
2024-01-21T02:53:00.000,2.2066718017244087,0.07858594040016363,0.002814175756763484,-13.048277468680089
2024-01-21T02:54:00.000,2.171367357768107,0.07844126559154968,0.00280657534848038,-13.049614756050246
2024-01-21T02:55:00.000,2.1704700903373664,0.07859153791560693,0.002792383251136697,-13.049424645023267
2024-01-21T02:56:00.000,2.1978170556395527,0.0754715890278005,0.0027918250730732787,-13.047970381890122
2024-01-21T02:57:00.000,2.259474465681369,0.07786219009743423,0.0027960300436421135,-13.044968972679431
2024-01-21T02:58:00.000,2.2116525272833223,0.07633182820886397,0.0027972149906482294,-13.046863869442564
2024-01-21T02:59:00.000,2.206289031145409,0.07852719418736515,0.0027970905104544096,-13.046864109251898
2024-01-21T03:00:00.000,2.213520094864945,0.08047351096507434,0.0027970719799846992,-13.046297935099814
2024-01-21T03:01:00.000,2.1864452390758924,0.07863969312870621,0.0027936419739790588,-13.047276695538716
2024-01-21T03:02:00.000,2.15048608458959,0.08009840755486437,0.002775848850770881,-13.048664686925877
2024-01-21T03:03:00.000,2.010348461264342,0.07292469833531837,0.0028004705253518837,-13.05477296901277
2024-01-21T03:04:00.000,2.0074679686031365,0.07561853181641681,0.0027998651857109075,-13.054707287457543
2024-01-29T09:33:00.000,2.5167590644241304,0.3228272759542198,0.0009966628236711783,-13.174948717969539
2024-01-29T09:34:00.000,6.7804302208873715,0.22088001476428598,0.001530607818645776,-13.156963045861463
2024-01-29T09:35:00.000,8.153798864998986,0.2600012436709797,0.001604255711122479,-13.150432436785003
2024-01-29T09:36:00.000,6.67082394258542,0.2515532263330761,0.0016504848380246534,-13.156333021941428
2024-01-29T09:37:00.000,5.176935072490834,0.21660280494232792,0.0016901865430495315,-13.162607376796425
2024-01-29T09:38:00.000,4.197319989726169,0.21243690965707995,0.0017113908961699411,-13.16679293028683
2024-01-29T09:39:00.000,3.3833562524404663,0.21466701966296378,0.001728674970661221,-13.170322181962156
2024-01-29T09:40:00.000,4.149416396928779,0.20333258587331682,0.0017383632617025105,-13.166847671491254
2024-01-29T09:41:00.000,3.379016962131252,0.2071639586245418,0.0017541755538804842,-13.170209465580061
2024-01-29T09:42:00.000,3.0403077280598123,0.2038514914569255,0.0017557515124442663,-13.171679491609746
2024-01-29T09:43:00.000,2.8135802584632916,0.20334666778949342,0.0017568693299769916,-13.172664690579463
2024-01-29T09:44:00.000,3.552524442850881,0.19505132696717942,0.0017668632892081314,-13.169309225153103
2024-01-29T09:45:00.000,3.0906853509221204,0.19865727109813303,0.0017735016207010197,-13.17134063696572
2024-01-29T09:46:00.000,3.513564470234441,0.20476687205612276,0.0017802838232126312,-13.169389218945328
2024-01-29T09:47:00.000,3.9458846113802695,0.2097589882710916,0.0017869517476940989,-13.167360400845523
2024-01-29T09:48:00.000,4.032012970441977,0.2093635485027907,0.0017869663084365375,-13.166880150877418
2024-01-29T09:49:00.000,4.014242617778579,0.20953705800472466,0.0017869663084365375,-13.166869502458514
2024-01-29T09:50:00.000,3.925973489997807,0.20906292026256046,0.001786955444595772,-13.167187977886309
2024-01-29T09:51:00.000,4.164274840888096,0.20885904148933468,0.0017883659820224092,-13.165992731947078
2024-01-29T09:52:00.000,3.6086695376689173,0.2153455214790919,0.0017987365686430888,-13.168484448708924
2024-01-29T09:53:00.000,3.7880228065243347,0.2144708864465968,0.001799151083829867,-13.167575986414434
2024-01-29T09:54:00.000,4.024602400174709,0.21402685198172805,0.0018004534859345253,-13.166379434712887
2024-01-29T09:55:00.000,3.966391297460536,0.21338821788457565,0.001799882708847781,-13.166555968001278
2024-01-29T09:56:00.000,4.143777638101018,0.21315956843978692,0.001800644605443919,-13.165614774310605
2024-01-29T09:57:00.000,4.153086102446929,0.21318659831702316,0.001800642470353884,-13.165463087186975
2024-01-29T09:58:00.000,4.2370925576013905,0.2126857346881166,0.0018005712724524208,-13.16494974043657
2024-01-29T09:59:00.000,4.150563542825118,0.2126534028977513,0.0018006769083112213,-13.165252414770325
2024-01-29T10:00:00.000,3.761397118469608,0.21713495129898544,0.0018067839053817283,-13.167032604418045
2024-01-29T10:01:00.000,3.792279168200618,0.22021431532725072,0.001807946510629521,-13.166799780688967
2024-01-29T10:02:00.000,4.14397899291362,0.22018059546001267,0.001811312797197065,-13.164990079532831
2024-01-29T10:03:00.000,3.677466410049544,0.2193921297464964,0.0018169187180560396,-13.167173258501183
2024-01-29T10:04:00.000,3.506220252721215,0.2178556599819836,0.0018159405295203057,-13.167940501562475
2024-01-29T10:05:00.000,3.157676902236418,0.24312747580482877,0.0018304347575892174,-13.169597283707908
2024-01-29T10:06:00.000,2.847900612405856,0.24002995571943322,0.0018319566799222496,-13.171082808345757
2024-01-29T10:07:00.000,2.39190464720892,0.23433114084805334,0.001835465718769021,-13.173304333042129
2024-01-29T10:08:00.000,2.6305301357358353,0.23365311963082463,0.0018367147235553724,-13.172110317114685
2024-01-29T10:09:00.000,2.7564582694333044,0.23505164951813867,0.001837631051654702,-13.171463741454202
2024-01-29T10:10:00.000,2.516430553539679,0.23730715230981114,0.0018403059357497882,-13.172626911383906
2024-01-29T10:11:00.000,2.5963309317301078,0.2381256188553873,0.0018408184863328786,-13.172210552743355
2024-01-29T10:12:00.000,2.4882593431625057,0.23830138193158928,0.001841133158484522,-13.17272626644861
2024-01-29T10:13:00.000,2.584569782044983,0.23826887463178079,0.00184129328207246,-13.172228888580843
2024-01-29T10:14:00.000,2.35859448088112,0.239440068856003,0.0018434146617620202,-13.173333215230127
2024-01-29T10:15:00.000,2.5971440390283647,0.23696039124226584,0.0018438871248163617,-13.172127117689186
2024-01-29T10:16:00.000,2.622346860666859,0.23662208439767615,0.0018437320290531816,-13.171978834661797
2024-01-29T10:17:00.000,2.4930301266558623,0.2366604614472238,0.001844275476767225,-13.172601155378413
2024-01-29T10:18:00.000,2.5926429235339308,0.23621884927653725,0.001844203087555979,-13.172080489370394
2024-01-29T10:19:00.000,2.833633453243117,0.2385976916207338,0.0018468662773856598,-13.170844946196171
2024-01-29T10:20:00.000,2.662098109488868,0.23819331178130365,0.001847643180902592,-13.171675835188507
2024-01-29T10:21:00.000,2.5785871213224407,0.23777274805573803,0.001847653057227909,-13.17207103528226
2024-01-29T10:22:00.000,2.7804821460693425,0.2350503349613105,0.0018475810338034362,-13.171031333790536
2024-01-29T10:23:00.000,2.778320030365126,0.2340863618128503,0.0018469324813284833,-13.171015989649764
2024-01-29T10:24:00.000,2.8747051358508315,0.23469857578732942,0.0018474050868438044,-13.170502559736022
2024-01-29T10:25:00.000,2.991412492597468,0.2338163933432817,0.0018469412291421642,-13.169879105042398
2024-01-29T10:26:00.000,2.849326910210051,0.23282316430619218,0.0018471652595637954,-13.17056552305494
2024-01-29T10:27:00.000,2.7304367442140047,0.2339021526188527,0.0018481258280535926,-13.171138388598557
2024-01-29T10:28:00.000,2.622380301130894,0.23384441649705207,0.001848230130480977,-13.171662643257095
2024-01-29T10:29:00.000,2.4167702899971175,0.23584370854316059,0.0018503399256207971,-13.172690447458498
2024-01-29T10:30:00.000,2.6054296326757234,0.23706035567226474,0.00185147040652474,-13.171710363539297
2024-01-29T10:31:00.000,2.7722381509171794,0.23611439461126696,0.001851651419447828,-13.170830467897726
2024-01-29T10:32:00.000,3.119986484451207,0.23952925154838636,0.0018564589028383708,-13.169010840206711
2024-01-29T10:33:00.000,2.9910636645078164,0.23942532648738793,0.0018569969844900232,-13.169630841466574
2024-01-29T10:34:00.000,2.9850170459054515,0.23905285679948365,0.0018568073525219114,-13.169624452592114
2024-01-29T10:35:00.000,3.062981236688554,0.2391441267261083,0.0018568472489530557,-13.169185201742774
2024-01-29T10:36:00.000,3.187527302801385,0.2401437867852638,0.001857627489031959,-13.168496844909168
2024-01-29T10:37:00.000,3.0189866664179275,0.2391695648201841,0.0018581630877930588,-13.169326683662181
2024-01-29T10:38:00.000,2.8832668351164257,0.23944073205945632,0.0018586981793224707,-13.169996452013992
2024-01-29T10:39:00.000,2.647361950712216,0.23510508999081156,0.0018587740146388215,-13.171195138685414
2024-01-29T10:40:00.000,2.755585753295851,0.23831396645128772,0.001860455275058304,-13.17060532972928
2024-01-29T10:41:00.000,2.82289170147098,0.23927756682172982,0.0018609787300542739,-13.170223485406074
2024-01-29T10:42:00.000,2.5651228295285535,0.24489651260480286,0.0018657811220798217,-13.171542641259418
2024-01-29T10:43:00.000,2.7355379986835815,0.24561944475162584,0.0018669369642758623,-13.170627528467023
2024-01-29T10:44:00.000,2.633517714277118,0.24420880953878352,0.00186665955421742,-13.171137959612288
2024-01-29T10:45:00.000,2.7417028109905646,0.24452526451713882,0.001867063571191093,-13.170545172731517
2024-01-29T10:46:00.000,3.238854192154549,0.24714326632360128,0.0018760286524649758,-13.167889331688631
2024-01-29T10:47:00.000,3.199649240118881,0.248683677140102,0.0018766912562529342,-13.168043940451447
2024-01-29T10:48:00.000,3.510093082233013,0.24655362818340945,0.0018784762885221671,-13.166340586429307
2024-01-29T10:49:00.000,3.395537302139523,0.24594046007252185,0.0018784762084593403,-13.166891954877464
2024-01-29T10:50:00.000,3.692479821616217,0.24230471488859442,0.001879497731184509,-13.165240817820827
2024-01-29T10:51:00.000,3.3746782578132715,0.2384763083458428,0.0018811032169875619,-13.166871657434964
2024-01-29T10:52:00.000,3.1349619795290584,0.2385353609644318,0.001883102133142371,-13.168104337337875
2024-01-29T10:53:00.000,3.7353110901857183,0.2331688143085823,0.0018925905150509565,-13.164812107186323
2024-01-29T10:54:00.000,3.7047067782977443,0.23317004176531278,0.001892588494374133,-13.164894426731482
2024-01-29T10:55:00.000,3.822677433689688,0.23177383428465156,0.0018924244866281338,-13.164168140081248
2024-01-29T10:56:00.000,4.008955467014215,0.23013701170397863,0.001892869308237344,-13.163053181570993
2024-01-29T10:57:00.000,3.902700512994192,0.2307350811247062,0.0018935348405319948,-13.163531082385177
2024-01-29T10:58:00.000,4.124288726674854,0.2295456681564546,0.0018944375854247943,-13.162202453594238
2024-01-29T10:59:00.000,4.20977145546549,0.2303374952855658,0.0018950251573206863,-13.1616025247001
2024-01-29T11:00:00.000,4.423129622757887,0.2301043709421139,0.0018965908414937966,-13.160270967166795
2024-01-29T11:01:00.000,4.338450112421199,0.23186358153583922,0.0018976061498407579,-13.160589340858127
2024-01-29T11:02:00.000,3.975654082145477,0.22821739166421795,0.0019007357550762283,-13.162497418803659
2024-01-29T11:03:00.000,4.150009278239689,0.2283366603223477,0.0019016303293816182,-13.161390747925264
2024-01-29T11:04:00.000,4.512330092281167,0.22755753092523617,0.0019057010361825688,-13.159180837183744
2024-01-29T11:05:00.000,4.298106970379996,0.22525347600785603,0.0019046112838201168,-13.160248043049052
2024-01-29T11:06:00.000,4.124815739742585,0.22399934679128486,0.0019047838646793602,-13.161103441968011
2024-01-29T11:07:00.000,4.11853910758545,0.2245289615163216,0.0019047773919129815,-13.161007733165137
2024-01-29T11:08:00.000,4.2098580893932445,0.2254847705587631,0.0019055303625735538,-13.160339624600581
2024-01-29T11:09:00.000,4.115011073231365,0.22703509678293432,0.0019065639826677172,-13.160754142001014
2024-01-29T11:10:00.000,4.411943464814535,0.2290785844467156,0.0019110904509702282,-13.158858020962944
2024-01-29T11:11:00.000,4.371245055500353,0.22857395921077692,0.001910768628590848,-13.158928828439496
2024-01-29T11:12:00.000,4.602008744956018,0.2275770714084666,0.0019126114480470975,-13.157374584336711
2024-01-29T11:13:00.000,5.046089952194851,0.22829472695084838,0.0019216599861585936,-13.154477283412705
2024-01-29T11:14:00.000,4.743811713333557,0.22800225203352528,0.0019249541608831293,-13.15606367109436
2024-01-29T11:15:00.000,4.637599093316126,0.2296447847599274,0.0019260358890842199,-13.156497591498562
2024-01-29T11:16:00.000,4.579828307006635,0.23259173676389552,0.0019274207551416508,-13.15664359518954
2024-01-29T11:17:00.000,4.708489021896225,0.23175155917519777,0.0019278904483162717,-13.155632814444024
2024-01-29T11:18:00.000,4.907401265597498,0.22908445782176992,0.0019285651648654584,-13.15415126818405
2024-01-29T11:19:00.000,4.152357192662968,0.21638345139795218,0.0019474544952246787,-13.158674728600054
2024-01-29T11:20:00.000,3.9182301192422764,0.21461792578624822,0.0019490313311816884,-13.160001642565774
2024-01-29T11:21:00.000,3.759073098218728,0.2139090742229768,0.001949816300029971,-13.160881858359357
2024-01-29T11:22:00.000,3.6355448612963626,0.21215650658698815,0.0019496896922891868,-13.161553129886993
2024-01-29T11:23:00.000,3.479353864492837,0.21172982621122266,0.001950420830329039,-13.162444622911408
2024-01-29T11:24:00.000,3.630593626604611,0.2096958717138766,0.0019504847244372569,-13.161377907134971
2024-01-29T11:25:00.000,3.4227319519705364,0.2079102713862039,0.0019516384127947247,-13.162611601639826
2024-01-29T11:26:00.000,3.2027398213469973,0.21030327945086466,0.001955003282637392,-13.163942718201573
2024-01-29T11:27:00.000,3.277259285972996,0.20994352081347428,0.0019550591515093197,-13.163383267314273
2024-01-29T11:28:00.000,3.1718676702623574,0.20916825784175108,0.0019551653322143737,-13.163988599546748
2024-01-29T11:29:00.000,3.0391079402539307,0.20999976858480068,0.001956444169616507,-13.164781570174988
2024-01-29T11:30:00.000,2.949869106693569,0.20899793159551205,0.0019564338363213005,-13.165299417694815
2024-01-29T11:31:00.000,3.043065108764248,0.20787444521772233,0.0019561783952132374,-13.16462861372537
2024-01-29T11:32:00.000,2.828009393317036,0.20624130530696055,0.001957777458187041,-13.165975704572025
2024-01-29T11:33:00.000,2.736237950867488,0.20744502404821025,0.001958534489353412,-13.166523988358806
2024-01-29T11:34:00.000,2.5790888189147863,0.2046608467162972,0.0019585108008409106,-13.167510485832297
2024-01-29T11:35:00.000,2.7221000190501443,0.20468412787058066,0.0019593312038998184,-13.166525028037288
2024-01-29T11:36:00.000,2.9080848389798404,0.20021917773294448,0.0019587528849232716,-13.165242373255662
2024-01-29T11:37:00.000,3.4760078486154153,0.19810449029570387,0.001972876766828503,-13.161398648163434
2024-01-29T11:38:00.000,3.108268084597177,0.19658770949150403,0.001978910296921535,-13.163752784879899
2024-01-29T11:39:00.000,3.000995535069521,0.19636670000559575,0.001979424729518881,-13.164394183388316
2024-01-29T11:40:00.000,3.0141411368450273,0.19669076390715828,0.00197906397290331,-13.164235707702751
2024-01-29T11:41:00.000,3.000913793862245,0.19564217780459026,0.0019783697998363462,-13.164253861305674
2024-01-29T11:42:00.000,3.365936307547614,0.19152475855022996,0.001982868871858916,-13.161714211558495
2024-01-29T11:43:00.000,3.016740752996806,0.20003221698556578,0.0019929133489119386,-13.163989076508184
2024-01-29T11:44:00.000,2.7486079937381644,0.20076605223804908,0.001997009752105027,-13.165740640726595
2024-01-29T11:45:00.000,2.4628927814958192,0.1954792931804209,0.0019988678072532565,-13.167629459300972
2024-01-29T11:46:00.000,2.4745617852626167,0.19386289155533618,0.001997820758410842,-13.167509690044206
2024-01-29T11:47:00.000,2.6297210618241076,0.19276323113381405,0.001998385263513276,-13.166409604697026
2024-01-29T11:48:00.000,2.494983503917531,0.19315994231966263,0.001999612644483274,-13.167283497777445
2024-01-29T11:49:00.000,2.4920143352433577,0.19480538452521504,0.0019996107907533124,-13.16726171627584
2024-01-29T11:50:00.000,2.4863705953572195,0.19773830494778122,0.0020007321230063563,-13.167257851162898
2024-01-29T11:51:00.000,2.269252098754751,0.1967610489534446,0.0020028661514088822,-13.168708631547801
2024-01-29T11:52:00.000,2.230263506579117,0.1949529783094564,0.0020022013508225545,-13.168943534735718
2024-01-29T11:53:00.000,2.374301503914117,0.19516261158918846,0.002003232001080869,-13.167916801424589
2024-01-29T11:54:00.000,2.3329715749714626,0.19477750432902313,0.002003203997566797,-13.168162860734522
2024-01-29T11:55:00.000,2.3216905206421306,0.19557855284251086,0.0020033257385270414,-13.168202871096625
2024-01-29T11:56:00.000,2.2447450854902797,0.19562520875179287,0.0020036297732322953,-13.168699087457135
2024-01-29T11:57:00.000,2.1855735364693465,0.19416915355429942,0.0020032318534141287,-13.169076234809493
2024-01-29T11:58:00.000,2.1096230261607576,0.19429986254802617,0.002003601586570076,-13.169572872725983
2024-01-29T11:59:00.000,2.1451995777358404,0.19543341103497766,0.0020038840843161687,-13.169295962123549
2024-01-29T12:00:00.000,2.0522879353311954,0.19597702328035435,0.002004280595227728,-13.169913518980874
2024-01-29T12:01:00.000,2.3067506559261717,0.2040842797453652,0.002008134619120002,-13.168109409261993
2024-01-29T12:02:00.000,2.3818986933704633,0.20587068859584162,0.002009161956464651,-13.167545832724823
2024-01-29T12:03:00.000,2.160920748094824,0.20368733976624046,0.0020109206537330827,-13.169054757700753
2024-01-29T12:04:00.000,2.185284132792462,0.20793360484636514,0.0020125987465126013,-13.168851987587397
2024-01-29T12:05:00.000,2.318292533791278,0.20850591566737017,0.0020134554976989822,-13.167883398573837
2024-01-29T12:06:00.000,2.2795824572834125,0.209087538956522,0.002013455768457761,-13.168118358915825
2024-01-29T12:07:00.000,2.5118922393860337,0.20785172496232215,0.002015551257574144,-13.16644105078062
2024-01-29T12:08:00.000,2.506793718939134,0.2073883327794673,0.002015116102327857,-13.16643030370357
2024-01-29T12:09:00.000,2.552236756844507,0.20574846153306345,0.002014316587744862,-13.166060367205116
2024-01-29T12:10:00.000,2.462830797051129,0.20982409846665806,0.002016644826576831,-13.166646515989749
2024-01-29T12:11:00.000,2.777621753807712,0.2087653293646969,0.002021118613338619,-13.164354237684801
2024-01-29T12:12:00.000,2.5881445123665703,0.20919206970817505,0.002023429573762359,-13.165646384566488
2024-01-29T12:13:00.000,2.4431904611667656,0.20803268578971038,0.0020241167290019255,-13.16663343705494
2024-01-29T12:14:00.000,2.3410458105256735,0.20932492390156213,0.002025151386511165,-13.167321147889782
2024-01-29T12:15:00.000,2.157917355790684,0.21376404434998014,0.0020285778589660916,-13.168596365873238
2024-01-29T12:16:00.000,2.3939276500021998,0.21361219827288086,0.0020312177615008273,-13.166865000108901
2024-01-29T12:17:00.000,2.5835467939213554,0.20923549764886407,0.0020306644932827156,-13.165451723896869
2024-01-29T12:18:00.000,2.584284204523045,0.2096405680394885,0.0020307721641361063,-13.165390212204136
2024-01-29T12:19:00.000,2.4241877299075316,0.20836313244327506,0.002030927037175914,-13.166494388674842
2024-01-29T12:20:00.000,2.451546139606398,0.20878009385896895,0.002030863673970243,-13.16624723098698
2024-01-29T12:21:00.000,2.8243576546860427,0.21146735165109365,0.0020395917596324705,-13.163480967551921
2024-01-29T12:22:00.000,3.3349575490250833,0.211052738313638,0.0020537769245616583,-13.15966814587778
2024-01-29T12:23:00.000,3.057348215284283,0.21487075228883043,0.002060027049270845,-13.161599700210337
2024-01-29T12:24:00.000,3.0402163700091362,0.21565966681200147,0.00206017801561447,-13.161637087336175
2024-01-29T12:25:00.000,3.179618904564721,0.21491081646536783,0.0020608651383756346,-13.160517036320392
2024-01-29T12:26:00.000,3.082111676745309,0.21586071214874714,0.0020619002616021876,-13.161142316939406
2024-01-29T12:27:00.000,3.1357406149534937,0.21592278142653734,0.002062016423217158,-13.160650609193635
2024-01-29T12:28:00.000,3.1393284992397303,0.215935041724857,0.0020619934230103384,-13.160527187544321
2024-01-29T12:29:00.000,3.344253739621146,0.21423201537423642,0.002063578921007519,-13.158890613904383
2024-01-29T12:30:00.000,3.6256306889296903,0.2130137555126691,0.002067683409686507,-13.156649527658633
2024-01-29T12:31:00.000,3.493722618753589,0.211833301463219,0.002068090809764011,-13.157507318287788
2024-01-29T12:32:00.000,3.565007554833846,0.21251475256937138,0.00206852516277107,-13.156833442931255
2024-01-29T12:33:00.000,3.612028628836307,0.2127530738762124,0.0020687208810227973,-13.15633454758122
2024-01-29T12:34:00.000,3.675777349794719,0.21183081813093993,0.002068502307688295,-13.155699187683172
2024-01-29T12:35:00.000,3.5725416900281797,0.21271238827290848,0.002069554661868547,-13.156345361959374
2024-01-29T12:36:00.000,3.66743164018252,0.21349286831599587,0.0020704627039718087,-13.155466298746164
2024-01-29T12:37:00.000,3.7026724647619202,0.21326548037055199,0.0020703456578937394,-13.155038036962743
2024-01-29T12:38:00.000,3.781977362375506,0.2122947188640439,0.002070299169283055,-13.154257526495453
2024-01-29T12:39:00.000,3.4625280130327614,0.22010088979142856,0.002080323479537114,-13.156607869941952
2024-01-29T12:40:00.000,3.352309467274998,0.2269927567571019,0.002084308091466825,-13.15734633996598
2024-01-29T12:41:00.000,3.3665506757573196,0.22863899316923111,0.0020850917090146784,-13.157111125294346
2024-01-29T12:42:00.000,3.5179378230515645,0.22573769288855175,0.002085300912955161,-13.155780560727372
2024-01-29T12:43:00.000,3.7961504792660676,0.23292556274220616,0.002093813522700407,-13.153410038820542
2024-01-29T12:44:00.000,3.6778013432254593,0.24149442449878386,0.002098793218080478,-13.154190143950975
2024-01-29T12:45:00.000,3.7965445076342865,0.23911169276750038,0.0020986733109102235,-13.153068312122587
2024-01-29T12:46:00.000,3.6481814370666426,0.23816265091673425,0.0020996610676505038,-13.154100127005185
2024-01-29T12:47:00.000,3.4607709661282717,0.2333166388606079,0.0020995228570819683,-13.155472281807679
2024-01-29T12:48:00.000,3.4122418340262977,0.2340196361830529,0.002100039396922713,-13.155732281716253
2024-01-29T12:49:00.000,3.8131328806882023,0.24558820488827166,0.00211695105709574,-13.152297432943278
2024-01-29T12:50:00.000,4.089086169672531,0.24908036565755837,0.0021241739173401115,-13.149826082280038
2024-01-29T12:51:00.000,4.192069158874085,0.24779343113032665,0.0021241833376382034,-13.148744034997959
2024-01-29T12:52:00.000,3.98497309234353,0.24892507102297906,0.0021276426791761714,-13.15024754497835
2024-01-29T12:53:00.000,3.927001561211438,0.24850055467039128,0.0021276223124714914,-13.150529403086393
2024-01-29T12:54:00.000,4.126166455372041,0.24945830811321423,0.0021311583475403517,-13.148636049287823
2024-01-29T12:55:00.000,4.491460352408474,0.24917605336545162,0.002141347811139502,-13.145273704524898
2024-01-29T12:56:00.000,4.2654304402002845,0.25409356072365424,0.002147225422989342,-13.14692960645708
2024-01-29T12:57:00.000,4.237197010735833,0.25407627903011637,0.0021472222839767794,-13.146917116623412
2024-01-29T12:58:00.000,4.354105188676641,0.2576616300448274,0.00214959387564295,-13.145640716421422
2024-01-29T12:59:00.000,4.1041726481564105,0.2594270029325384,0.0021550400537438275,-13.14756166783382
2024-01-29T13:00:00.000,4.374441405842624,0.2642336062597405,0.0021632973270009326,-13.144935164059227
2024-01-29T13:01:00.000,4.554447744259144,0.26365216284115606,0.0021658326733457935,-13.143044787381868
2024-01-29T13:02:00.000,4.606456798015888,0.2628915132210769,0.0021658222151805027,-13.142256077886817
2024-01-29T13:03:00.000,4.691406124100957,0.26196987397997124,0.0021661834980003696,-13.141151733903063
2024-01-29T13:04:00.000,4.973637155119418,0.2660451842449262,0.0021756716389338487,-13.138212728819731
2024-01-29T13:05:00.000,5.236511980750159,0.2597700635405854,0.0021793109114195018,-13.135355078562752
2024-01-29T13:06:00.000,4.687739817796208,0.2662435040917466,0.002205822431837017,-13.139986881502765
2024-01-29T13:07:00.000,4.7973154789805665,0.27061005628589446,0.0022086650793987582,-13.138595220566339
2024-01-29T13:08:00.000,4.928490823802245,0.27266277571672937,0.0022113512728092616,-13.136961310230074
2024-01-29T13:09:00.000,4.575138852819827,0.2785585264323592,0.0022232916362490683,-13.139910232531406
2024-01-29T13:10:00.000,4.565831136516367,0.2806372582538284,0.0022233807858894187,-13.13965297941953
2024-01-29T13:11:00.000,4.3677546274651835,0.2792533789248102,0.0022250169486231334,-13.141220043687355
2024-01-29T13:12:00.000,4.240169327237257,0.28037043009684487,0.002226811079616024,-13.142151513701023
2024-01-29T13:13:00.000,4.148893716056666,0.27918764742326785,0.0022265439742872447,-13.14275770171188
2024-01-29T13:14:00.000,3.9608768826023826,0.2805987429045956,0.0022303671777441038,-13.14433256826342
2024-01-29T13:15:00.000,3.7138220374811306,0.27734253121267527,0.0022344775369441193,-13.146527325740704
2024-01-29T13:16:00.000,3.9250233010115827,0.2825141628502076,0.002241346191691025,-13.144237170087798
2024-01-29T13:17:00.000,3.9028561610872137,0.28467951933666835,0.0022427302882490406,-13.14422303261472
2024-01-29T13:18:00.000,2.855413015835536,0.2841008403642115,0.0023465937776425134,-13.154432311046671
2024-01-29T13:19:00.000,2.758432122765967,0.28526467583312337,0.002347996703103017,-13.155297950688796
2024-01-29T13:20:00.000,2.3247590389443085,0.2908998030103277,0.002368453747507452,-13.159530463840825
2024-01-29T13:21:00.000,2.593988986234407,0.2960962239220891,0.0023774409898580763,-13.156782755691774
2024-01-29T13:22:00.000,2.067280910253583,0.3077695860806502,0.002409387296893337,-13.161972724599536
2024-01-29T13:23:00.000,2.286923181146017,0.30501611856902716,0.002412030848860621,-13.159729137956418
2024-01-29T13:24:00.000,2.3288288498856704,0.30562401391409855,0.002412015186372839,-13.159251160841713
2024-01-29T13:25:00.000,2.56988745018418,0.31518065765963127,0.0024222570372277145,-13.156765874355202
2024-01-29T13:26:00.000,2.3523604066275285,0.3141948221021556,0.0024263967813745297,-13.158882254060341
2024-01-29T13:27:00.000,2.267010008903022,0.3173232096395336,0.002428948697165508,-13.159682011929991
2024-01-29T13:28:00.000,2.3392159947770055,0.31739912904122913,0.0024290179412447682,-13.15889472327245
2024-01-29T13:29:00.000,2.4395464359156813,0.3171202817975756,0.002429649732208243,-13.157816243568957
2024-01-29T13:30:00.000,2.274432482649351,0.315171055637808,0.002431516106576106,-13.159424712663496
2024-01-29T13:31:00.000,2.258451800661151,0.31783319533841403,0.0024338542438855073,-13.159529239525703
2024-01-29T13:32:00.000,2.283675643628931,0.32322613672291917,0.0022820378489166173,-13.159215446853612
2024-01-29T13:33:00.000,2.195056213987487,0.32419092683498263,0.002265966213657147,-13.160061674583202
2024-01-29T13:34:00.000,2.0582144996370184,0.3677296777032627,0.0019424931733382491,-13.161406633206973
2024-01-29T13:35:00.000,2.0287218035220844,0.3457455429084179,0.0018791553004683802,-13.161662303880089
2024-01-29T13:36:00.000,2.0747318680533806,0.35416953733549583,0.0018414112944698168,-13.161146478183667
2024-01-29T13:37:00.000,2.1303297945380195,0.38386468123607925,0.0018072016975095616,-13.16052877478519
2024-01-29T13:38:00.000,2.149462421040669,0.39083935580194845,0.0017880207653999045,-13.160281800222315
2024-01-29T13:39:00.000,2.1201782434342626,0.39227315025503134,0.0017723624057485365,-13.16053182100821
2024-01-29T14:16:00.000,2.000844634834501,0.39964869474833864,0.0017191762003248283,-13.160548398534793
2024-01-29T14:17:00.000,2.191301153589243,0.40267774679555524,0.0017258232161700274,-13.158470297060537
2024-01-29T14:18:00.000,2.1412243110124423,0.4031388779618976,0.0017261167788838593,-13.15894936810102
2024-01-29T14:19:00.000,2.0844927309433663,0.40055898578759636,0.0017232856320149694,-13.15950331605428
2024-01-29T14:22:00.000,2.081459043812534,0.39085136363185535,0.0017301674181033136,-13.15939887456569
2024-01-29T14:25:00.000,2.0985141746035687,0.40100257240649684,0.0017416729255715117,-13.159073220143805
2024-01-29T14:26:00.000,2.121052851735037,0.401978005820724,0.0017414987399568677,-13.158777727853167
2024-01-29T14:27:00.000,2.0512693000943996,0.40114350606032156,0.0017412432345504099,-13.159480043478093
2024-01-29T14:28:00.000,2.2070500061745535,0.40391446739960724,0.0017461946192010216,-13.15774147505961
2024-01-29T14:29:00.000,2.2160490313489842,0.40256490991183375,0.0017438588928019832,-13.157585234821097
2024-01-29T14:30:00.000,2.1577334738324683,0.40323266148410014,0.0017436972352668613,-13.1581607270332
2024-01-29T14:31:00.000,2.0894300413630944,0.4111154849520403,0.0017497151002959705,-13.158849289967634
2024-01-29T14:32:00.000,2.2118512546008855,0.40940073327203524,0.0017468586871295833,-13.157461107041671
2024-01-29T14:33:00.000,2.3011203977770696,0.409841145568022,0.0017478119308018598,-13.15642527013416
2024-01-29T14:34:00.000,2.180880937180804,0.40907961732144593,0.0017496878574279502,-13.157677544383665
2024-01-29T14:35:00.000,2.177100112749288,0.4103632931474433,0.001750971742167144,-13.15766139358259
2024-01-29T14:36:00.000,2.242834531883551,0.40729615669332786,0.0017499140913072827,-13.15688137894353
2024-01-29T14:37:00.000,2.3518306472895425,0.4096132661537042,0.0017522315907202003,-13.155619023857358
2024-01-29T14:38:00.000,2.4138822777238604,0.4103532974023584,0.0017526248034621763,-13.154864671851175
2024-01-29T14:39:00.000,2.447397425317724,0.4153645668269391,0.0017529395583126138,-13.154419927195194
2024-01-29T14:40:00.000,2.521213041547073,0.41132654737167246,0.0017509540709876382,-13.15352476016204
2024-01-29T14:41:00.000,2.51046861917092,0.4103786745612044,0.0017501370758541668,-13.15356170121372
2024-01-29T14:42:00.000,2.4311873543372733,0.4042424513376795,0.0017452937211706984,-13.15436281351233
2024-01-29T14:43:00.000,2.413974038334933,0.40409914390291324,0.001744376958414421,-13.154479049631902
2024-01-29T14:44:00.000,2.262151269803785,0.4083535767435014,0.001750301963654862,-13.156100585781278
2024-01-29T14:45:00.000,2.266594563523719,0.40839768049220243,0.0017501015498844416,-13.155986859091184
2024-01-29T14:46:00.000,2.300411740212955,0.40659262237208793,0.0017400643193127448,-13.155543465732087
2024-01-29T14:47:00.000,2.2130378175588743,0.4093440117043415,0.0017430007440413003,-13.156457410760035
2024-01-29T14:48:00.000,2.216493464563898,0.41131743923716857,0.0017403804795928031,-13.156357461129117
2024-01-29T14:49:00.000,2.1336307392324882,0.41271060348657573,0.0017415205849303853,-13.15722873693675
2024-01-29T14:50:00.000,2.4386740774372693,0.4014806108757659,0.001748122252111509,-13.153731801512617
2024-01-29T14:51:00.000,2.4135483680904035,0.40648533820701416,0.0017471043313932821,-13.153938556655477
2024-01-29T14:52:00.000,2.453738684817753,0.409294536637302,0.0017470694523854418,-13.153407476037295
2024-01-29T14:53:00.000,2.7451951587369687,0.4109672728982737,0.0017488884510934585,-13.150016297715808
2024-01-29T14:54:00.000,2.679999403583599,0.4109846112901699,0.0017495349544774674,-13.150655040804882
2024-01-29T14:55:00.000,2.608355736443285,0.4138936422792092,0.0017513436411315797,-13.15137482313701
2024-01-29T14:56:00.000,2.4640347372069034,0.4082199552917883,0.0017507469849746648,-13.152933901027566
2024-01-29T14:57:00.000,2.4861233368495483,0.41120484541844576,0.0017531371044028315,-13.15260030818986
2024-01-29T14:58:00.000,2.497744058143263,0.41291620784624133,0.0017519697487966936,-13.152384427725329
2024-01-29T14:59:00.000,2.5200617612063976,0.4129394881756043,0.0017517350056777566,-13.152043993344726
2024-01-29T15:00:00.000,2.512648881832616,0.4131127056073015,0.0017495581993409433,-13.152043993344726
2024-01-29T15:01:00.000,2.6222173635278248,0.41054780068694824,0.0017501211616080343,-13.150691697076699
2024-01-29T15:02:00.000,2.589535106131116,0.4142928889596841,0.0017472004880280723,-13.150975752338049
2024-01-29T15:03:00.000,2.395013035963048,0.4216442654453813,0.001757035580445353,-13.153142732996242
2024-01-29T15:04:00.000,2.664955190218149,0.41537387864146114,0.0017607363023721253,-13.149924586825529
2024-01-29T15:05:00.000,2.7313555451185114,0.420977300735905,0.0017638593681194837,-13.14904967533056
2024-01-29T15:06:00.000,2.6443106611739684,0.4200398870572116,0.0017636395005348653,-13.149962573935532
2024-01-29T15:07:00.000,2.445384957841136,0.41894709456606755,0.0017699332669153338,-13.152197081676503
2024-01-29T15:08:00.000,2.2339809326188105,0.41658202021840157,0.0017758576304123985,-13.154597315905107
2024-01-29T15:09:00.000,2.260569574491308,0.4170522976641883,0.0017761848550996802,-13.15421949830949
2024-01-29T15:10:00.000,2.2350574384499424,0.415105061799565,0.0017703707425800247,-13.154452489423292
2024-01-29T15:11:00.000,2.1624617491522815,0.41326570563126414,0.0017702877700963907,-13.155242641026756
2024-01-29T15:12:00.000,2.1955404027992795,0.41485586790560397,0.0017683472791131364,-13.154791178205066
2024-01-29T15:13:00.000,2.1559561396358333,0.4152684331374956,0.0017574872291149762,-13.15519605135062
2024-01-29T15:14:00.000,2.118628106238825,0.4156360337459902,0.001754637227452785,-13.155577372634415
2024-01-29T15:15:00.000,2.164631935360608,0.4138861280483932,0.0017538446709374521,-13.154973408428276
2024-01-29T15:16:00.000,2.2943040468977434,0.42015791955605125,0.0017612408883075443,-13.153371129529873
2024-01-29T15:17:00.000,2.305622484036739,0.42145801241387215,0.0017608108692706741,-13.153165847453177
2024-01-29T15:18:00.000,2.3565686810773157,0.4241225493823698,0.0017600062924937041,-13.152486589685958
2024-01-29T15:19:00.000,2.2671722216783228,0.4395808528737065,0.001742348128155399,-13.15347960260464
2024-01-29T15:20:00.000,2.248545605617477,0.4413433585377779,0.00174089515063398,-13.15363361475767
2024-01-29T15:21:00.000,2.235778155275169,0.4421241535359795,0.0017402315660602695,-13.153718955165512
2024-01-29T15:22:00.000,2.2277215535849497,0.44386993127669766,0.0017410175255368132,-13.153748765335614
2024-01-29T15:23:00.000,2.266098954423663,0.44613300130913147,0.0017417521192436716,-13.153220667210462
2024-01-29T15:24:00.000,2.257514761545221,0.44879771195424906,0.0017416056516718576,-13.153254846407725
2024-01-29T15:25:00.000,2.269981208995756,0.45065145415800056,0.0017410794626161264,-13.153035614621874
2024-01-29T15:26:00.000,2.226902448468579,0.44991354753525314,0.0017383444354119918,-13.153486826656533
2024-01-29T15:27:00.000,2.2692123783526275,0.45033936292948645,0.0017386180050819437,-13.152907555549941
2024-01-29T15:28:00.000,2.2842627090689636,0.4509747693373095,0.0017384418244383163,-13.152655031957813
2024-01-29T15:29:00.000,2.2459509006975957,0.4509151478442853,0.0017376976705937533,-13.153049747122026
2024-01-29T15:30:00.000,2.2643072160100393,0.4511404901546733,0.0017378301322882892,-13.1527579200561
2024-01-29T15:31:00.000,2.344341893463953,0.4498646363268174,0.001737981264338088,-13.151711537704855
2024-01-29T15:32:00.000,2.23837821592824,0.4500919492050746,0.0017376449896599662,-13.152930779256646
2024-01-29T15:33:00.000,2.2415315543335295,0.44947564268727497,0.0017367724315538718,-13.152823902841291
2024-01-29T15:34:00.000,2.163429051452229,0.4553742183898249,0.0017399199832257366,-13.153712920968921
2024-01-29T15:36:00.000,2.081912065806636,0.44714445670156555,0.0017429984072647835,-13.154597693154127
2024-01-29T15:37:00.000,2.0209957750496943,0.44964400939297033,0.0017249761614302028,-13.155289114708106
2024-01-29T15:44:00.000,2.0020070285519007,0.44589141138560096,0.0017012101025099128,-13.155175130245466
2024-01-29T15:55:00.000,2.0078607781340545,0.451147213953794,0.001734016021031769,-13.154634114402626
